Image,Expected,Predicted
am50_5p0_1771cQ2R1.png,109.0,99
am50_5p0_1771cQ2R2.png,109.0,102
am50_5p0_1771cQ2R3.png,109.0,82
am50_5p0_1771cQ2R4.png,109.0,122
am50_5p0_1771cQ4R1.png,109.0,89
am50_5p0_1771cQ4R2.png,109.0,83
am50_5p0_1771cQ4R3.png,109.0,116
am50_5p0_1771cQ4R4.png,109.0,79
am50_5p0_1772cQ1R1.png,109.0,66
am50_5p0_1772cQ1R2.png,109.0,104
am50_5p0_1772cQ1R3.png,109.0,87
am50_5p0_1772cQ1R4.png,109.0,66
am50_5p0_1772cQ3R1.png,109.0,99
am50_5p0_1772cQ3R2.png,109.0,125
am50_5p0_1772cQ3R3.png,109.0,92
am50_5p0_1772cQ3R4.png,109.0,99
am50_2p5_1802cQ4R1.png,109.0,102
am50_2p5_1802cQ4R2.png,109.0,110
am50_2p5_1802cQ4R3.png,109.0,108
am50_2p5_1802cQ4R4.png,109.0,102
am50_2p5_1820cQ4R1.png,109.0,120
am50_2p5_1820cQ4R2.png,109.0,101
am50_2p5_1820cQ4R3.png,109.0,100
am50_2p5_1820cQ4R4.png,109.0,112
am50_2p5_1816cQ1R1.png,109.0,92
am50_2p5_1816cQ1R2.png,109.0,88
am50_2p5_1816cQ1R3.png,109.0,130
am50_2p5_1816cQ1R4.png,109.0,84
am50_5p0_1792cQ3R1.png,109.0,95
am50_5p0_1792cQ3R2.png,109.0,103
am50_5p0_1792cQ3R3.png,109.0,96
am50_5p0_1792cQ3R4.png,109.0,105
am50_5p0_1774cQ2R1.png,109.0,86
am50_5p0_1774cQ2R2.png,109.0,104
am50_5p0_1774cQ2R3.png,109.0,106
am50_5p0_1774cQ2R4.png,109.0,86
am50_2p5_1825cQ3R1.png,109.0,118
am50_2p5_1825cQ3R2.png,109.0,89
am50_2p5_1825cQ3R3.png,109.0,87
am50_2p5_1825cQ3R4.png,109.0,95
am50_2p5_1824cQ3R1.png,109.0,148
am50_2p5_1824cQ3R2.png,109.0,100
am50_2p5_1824cQ3R3.png,109.0,121
am50_2p5_1824cQ3R4.png,109.0,132
am50_2p5_1801cQ1R1.png,109.0,100
am50_2p5_1801cQ1R2.png,109.0,110
am50_2p5_1801cQ1R3.png,109.0,100
am50_2p5_1801cQ1R4.png,109.0,108
am50_2p5_1817cQ1R1.png,109.0,206
am50_2p5_1817cQ1R2.png,109.0,177
am50_2p5_1817cQ1R3.png,109.0,103
am50_2p5_1817cQ1R4.png,109.0,100
am50_2p5_1817cQ3R1.png,109.0,95
am50_2p5_1817cQ3R2.png,109.0,132
am50_2p5_1817cQ3R3.png,109.0,112
am50_2p5_1817cQ3R4.png,109.0,131
am50_5p0_1799cQ4R1.png,109.0,100
am50_5p0_1799cQ4R2.png,109.0,93
am50_5p0_1799cQ4R3.png,109.0,106
am50_5p0_1799cQ4R4.png,109.0,124
am50_5p0_1793cQ1R1.png,109.0,94
am50_5p0_1793cQ1R2.png,109.0,104
am50_5p0_1793cQ1R3.png,109.0,96
am50_5p0_1793cQ1R4.png,109.0,106
am50_5p0_1793cQ2R1.png,109.0,98
am50_5p0_1793cQ2R2.png,109.0,105
am50_5p0_1793cQ2R3.png,109.0,121
am50_5p0_1793cQ2R4.png,109.0,73
am50_2p5_1806cQ1R1.png,109.0,99
am50_2p5_1806cQ1R2.png,109.0,98
am50_2p5_1806cQ1R3.png,109.0,115
am50_2p5_1806cQ1R4.png,109.0,120
am50_2p5_1806cQ2R1.png,109.0,85
am50_2p5_1806cQ2R2.png,109.0,82
am50_2p5_1806cQ2R3.png,109.0,101
am50_2p5_1806cQ2R4.png,109.0,113
am50_2p5_1806cQ3R1.png,109.0,156
am50_2p5_1806cQ3R2.png,109.0,115
am50_2p5_1806cQ3R3.png,109.0,110
am50_2p5_1806cQ3R4.png,109.0,130
am50_2p5_1821cQ2R1.png,109.0,76
am50_2p5_1821cQ2R2.png,109.0,122
am50_2p5_1821cQ2R3.png,109.0,91
am50_2p5_1821cQ2R4.png,109.0,89
am50_2p5_1818cQ2R1.png,109.0,182
am50_2p5_1818cQ2R2.png,109.0,124
am50_2p5_1818cQ2R3.png,109.0,112
am50_2p5_1818cQ2R4.png,109.0,184
am50_2p5_1830cQ4R1.png,109.0,109
am50_2p5_1830cQ4R2.png,109.0,102
am50_2p5_1830cQ4R3.png,109.0,99
am50_2p5_1830cQ4R4.png,109.0,90
am50_5p0_1786cQ4R1.png,109.0,94
am50_5p0_1786cQ4R2.png,109.0,99
am50_5p0_1786cQ4R3.png,109.0,63
am50_5p0_1786cQ4R4.png,109.0,92
am50_5p0_1773cQ2R1.png,109.0,99
am50_5p0_1773cQ2R2.png,109.0,71
am50_5p0_1773cQ2R3.png,109.0,83
am50_5p0_1773cQ2R4.png,109.0,86
am50_5p0_1773cQ4R1.png,109.0,93
am50_5p0_1773cQ4R2.png,109.0,122
am50_5p0_1773cQ4R3.png,109.0,133
am50_5p0_1773cQ4R4.png,109.0,103
am50_5p0_1791cQ1R1.png,109.0,137
am50_5p0_1791cQ1R2.png,109.0,104
am50_5p0_1791cQ1R3.png,109.0,145
am50_5p0_1791cQ1R4.png,109.0,149
am50_5p0_1791cQ4R1.png,109.0,97
am50_5p0_1791cQ4R2.png,109.0,84
am50_5p0_1791cQ4R3.png,109.0,94
am50_5p0_1791cQ4R4.png,109.0,111
am50_2p5_1803cQ3R1.png,109.0,82
am50_2p5_1803cQ3R2.png,109.0,89
am50_2p5_1803cQ3R3.png,109.0,87
am50_2p5_1803cQ3R4.png,109.0,98
am50_2p5_1809cQ1R1.png,109.0,110
am50_2p5_1809cQ1R2.png,109.0,101
am50_2p5_1809cQ1R3.png,109.0,99
am50_2p5_1809cQ1R4.png,109.0,101
am50_2p5_1805cQ3R1.png,109.0,97
am50_2p5_1805cQ3R2.png,109.0,98
am50_2p5_1805cQ3R3.png,109.0,114
am50_2p5_1805cQ3R4.png,109.0,132
am50_5p0_1779cQ2R1.png,109.0,77
am50_5p0_1779cQ2R2.png,109.0,99
am50_5p0_1779cQ2R3.png,109.0,87
am50_5p0_1779cQ2R4.png,109.0,98
am50_2p5_1811cQ3R1.png,109.0,98
am50_2p5_1811cQ3R2.png,109.0,125
am50_2p5_1811cQ3R3.png,109.0,97
am50_2p5_1811cQ3R4.png,109.0,142
am50_5p0_1795cQ4R1.png,109.0,94
am50_5p0_1795cQ4R2.png,109.0,89
am50_5p0_1795cQ4R3.png,109.0,97
am50_5p0_1795cQ4R4.png,109.0,89
am50_5p0_1798cQ1R1.png,109.0,93
am50_5p0_1798cQ1R2.png,109.0,145
am50_5p0_1798cQ1R3.png,109.0,110
am50_5p0_1798cQ1R4.png,109.0,106
am50_5p0_1798cQ3R1.png,109.0,88
am50_5p0_1798cQ3R2.png,109.0,106
am50_5p0_1798cQ3R3.png,109.0,107
am50_5p0_1798cQ3R4.png,109.0,115
am50_2p5_1827cQ2R1.png,109.0,65
am50_2p5_1827cQ2R2.png,109.0,130
am50_2p5_1827cQ2R3.png,109.0,86
am50_2p5_1827cQ2R4.png,109.0,98
am50_2p5_1827cQ3R1.png,109.0,83
am50_2p5_1827cQ3R2.png,109.0,97
am50_2p5_1827cQ3R3.png,109.0,109
am50_2p5_1827cQ3R4.png,109.0,116
am50_2p5_1812cQ3R1.png,109.0,168
am50_2p5_1812cQ3R2.png,109.0,137
am50_2p5_1812cQ3R3.png,109.0,192
am50_2p5_1812cQ3R4.png,109.0,95
am50_5p0_1780cQ1R1.png,109.0,94
am50_5p0_1780cQ1R2.png,109.0,83
am50_5p0_1780cQ1R3.png,109.0,82
am50_5p0_1780cQ1R4.png,109.0,99
am50_5p0_1780cQ3R1.png,109.0,124
am50_5p0_1780cQ3R2.png,109.0,130
am50_5p0_1780cQ3R3.png,109.0,72
am50_5p0_1780cQ3R4.png,109.0,131
am50_5p0_1769cQ1R1.png,109.0,110
am50_5p0_1769cQ1R2.png,109.0,92
am50_5p0_1769cQ1R3.png,109.0,105
am50_5p0_1769cQ1R4.png,109.0,95
am50_5p0_1769cQ2R1.png,109.0,135
am50_5p0_1769cQ2R2.png,109.0,140
am50_5p0_1769cQ2R3.png,109.0,104
am50_5p0_1769cQ2R4.png,109.0,139
am50_5p0_1790cQ2R1.png,109.0,106
am50_5p0_1790cQ2R2.png,109.0,113
am50_5p0_1790cQ2R3.png,109.0,109
am50_5p0_1790cQ2R4.png,109.0,97
am50_5p0_1788cQ2R1.png,109.0,77
am50_5p0_1788cQ2R2.png,109.0,121
am50_5p0_1788cQ2R3.png,109.0,89
am50_5p0_1788cQ2R4.png,109.0,90
am50_5p0_1788cQ4R1.png,109.0,93
am50_5p0_1788cQ4R2.png,109.0,94
am50_5p0_1788cQ4R3.png,109.0,102
am50_5p0_1788cQ4R4.png,109.0,169
am50_2p5_1808cQ1R1.png,109.0,123
am50_2p5_1808cQ1R2.png,109.0,88
am50_2p5_1808cQ1R3.png,109.0,106
am50_2p5_1808cQ1R4.png,109.0,111
am50_2p5_1808cQ4R1.png,109.0,181
am50_2p5_1808cQ4R2.png,109.0,135
am50_2p5_1808cQ4R3.png,109.0,131
am50_2p5_1808cQ4R4.png,109.0,154
am50_5p0_1797cQ1R1.png,109.0,110
am50_5p0_1797cQ1R2.png,109.0,130
am50_5p0_1797cQ1R3.png,109.0,123
am50_5p0_1797cQ1R4.png,109.0,123
am50_5p0_1785cQ2R1.png,109.0,108
am50_5p0_1785cQ2R2.png,109.0,110
am50_5p0_1785cQ2R3.png,109.0,130
am50_5p0_1785cQ2R4.png,109.0,124
am50_2p5_1814cQ1R1.png,109.0,94
am50_2p5_1814cQ1R2.png,109.0,107
am50_2p5_1814cQ1R3.png,109.0,115
am50_2p5_1814cQ1R4.png,109.0,94
am50_2p5_1826cQ2R1.png,109.0,175
am50_2p5_1826cQ2R2.png,109.0,219
am50_2p5_1826cQ2R3.png,109.0,108
am50_2p5_1826cQ2R4.png,109.0,130
am50_2p5_1807cQ2R1.png,109.0,113
am50_2p5_1807cQ2R2.png,109.0,124
am50_2p5_1807cQ2R3.png,109.0,129
am50_2p5_1807cQ2R4.png,109.0,127
am50_5p0_1789cQ2R1.png,109.0,121
am50_5p0_1789cQ2R2.png,109.0,136
am50_5p0_1789cQ2R3.png,109.0,176
am50_5p0_1789cQ2R4.png,109.0,105
am50_2p5_1813cQ3R1.png,109.0,117
am50_2p5_1813cQ3R2.png,109.0,92
am50_2p5_1813cQ3R3.png,109.0,132
am50_2p5_1813cQ3R4.png,109.0,128
am50_2p5_1813cQ4R1.png,109.0,96
am50_2p5_1813cQ4R2.png,109.0,95
am50_2p5_1813cQ4R3.png,109.0,69
am50_2p5_1813cQ4R4.png,109.0,81
am50_5p0_1776cQ2R1.png,109.0,81
am50_5p0_1776cQ2R2.png,109.0,80
am50_5p0_1776cQ2R3.png,109.0,116
am50_5p0_1776cQ2R4.png,109.0,77
am50_5p0_1776cQ3R1.png,109.0,91
am50_5p0_1776cQ3R2.png,109.0,115
am50_5p0_1776cQ3R3.png,109.0,92
am50_5p0_1776cQ3R4.png,109.0,95
am40_2p5_1763cQ2R1.png,107.0,95
am40_2p5_1763cQ2R2.png,107.0,109
am40_2p5_1763cQ2R3.png,107.0,94
am40_2p5_1763cQ2R4.png,107.0,96
am40_2p5_1730cQ3R1.png,107.0,109
am40_2p5_1730cQ3R2.png,107.0,116
am40_2p5_1730cQ3R3.png,107.0,113
am40_2p5_1730cQ3R4.png,107.0,103
am40_2p5_1730cQ4R1.png,107.0,109
am40_2p5_1730cQ4R2.png,107.0,103
am40_2p5_1730cQ4R3.png,107.0,139
am40_2p5_1730cQ4R4.png,107.0,96
am40_2p5_1750cQ1R1.png,107.0,123
am40_2p5_1750cQ1R2.png,107.0,118
am40_2p5_1750cQ1R3.png,107.0,169
am40_2p5_1750cQ1R4.png,107.0,150
am40_2p5_1750cQ4R1.png,107.0,179
am40_2p5_1750cQ4R2.png,107.0,116
am40_2p5_1750cQ4R3.png,107.0,135
am40_2p5_1750cQ4R4.png,107.0,116
am40_5p0_1719cQ4R1.png,107.0,33
am40_5p0_1719cQ4R2.png,107.0,0
am40_5p0_1719cQ4R3.png,107.0,58
am40_5p0_1719cQ4R4.png,107.0,39
am40_2p5_1751cQ1R1.png,107.0,137
am40_2p5_1751cQ1R2.png,107.0,164
am40_2p5_1751cQ1R3.png,107.0,150
am40_2p5_1751cQ1R4.png,107.0,105
am40_2p5_1751cQ4R1.png,107.0,135
am40_2p5_1751cQ4R2.png,107.0,114
am40_2p5_1751cQ4R3.png,107.0,94
am40_2p5_1751cQ4R4.png,107.0,90
am40_5p0_1698cQ1R1.png,107.0,65
am40_5p0_1698cQ1R2.png,107.0,126
am40_5p0_1698cQ1R3.png,107.0,117
am40_5p0_1698cQ1R4.png,107.0,101
am40_5p0_1698cQ4R1.png,107.0,127
am40_5p0_1698cQ4R2.png,107.0,128
am40_5p0_1698cQ4R3.png,107.0,150
am40_5p0_1698cQ4R4.png,107.0,125
am40_2p5_1725cQ3R1.png,107.0,71
am40_2p5_1725cQ3R2.png,107.0,95
am40_2p5_1725cQ3R3.png,107.0,85
am40_2p5_1725cQ3R4.png,107.0,79
am40_2p5_1723cQ2R1.png,107.0,97
am40_2p5_1723cQ2R2.png,107.0,131
am40_2p5_1723cQ2R3.png,107.0,95
am40_2p5_1723cQ2R4.png,107.0,107
am40_2p5_1767cQ2R1.png,107.0,117
am40_2p5_1767cQ2R2.png,107.0,116
am40_2p5_1767cQ2R3.png,107.0,72
am40_2p5_1767cQ2R4.png,107.0,101
am40_2p5_1727cQ1R1.png,107.0,128
am40_2p5_1727cQ1R2.png,107.0,123
am40_2p5_1727cQ1R3.png,107.0,168
am40_2p5_1727cQ1R4.png,107.0,109
am40_2p5_1727cQ3R1.png,107.0,100
am40_2p5_1727cQ3R2.png,107.0,102
am40_2p5_1727cQ3R3.png,107.0,90
am40_2p5_1727cQ3R4.png,107.0,109
am40_5p0_1713cQ1R1.png,107.0,91
am40_5p0_1713cQ1R2.png,107.0,103
am40_5p0_1713cQ1R3.png,107.0,119
am40_5p0_1713cQ1R4.png,107.0,98
am40_5p0_1713cQ4R1.png,107.0,90
am40_5p0_1713cQ4R2.png,107.0,75
am40_5p0_1713cQ4R3.png,107.0,124
am40_5p0_1713cQ4R4.png,107.0,67
am40_5p0_1696cQ2R1.png,107.0,151
am40_5p0_1696cQ2R2.png,107.0,110
am40_5p0_1696cQ2R3.png,107.0,170
am40_5p0_1696cQ2R4.png,107.0,75
am40_5p0_1696cQ3R1.png,107.0,63
am40_5p0_1696cQ3R2.png,107.0,87
am40_5p0_1696cQ3R3.png,107.0,127
am40_5p0_1696cQ3R4.png,107.0,77
am40_5p0_1696cQ4R1.png,107.0,140
am40_5p0_1696cQ4R2.png,107.0,141
am40_5p0_1696cQ4R3.png,107.0,131
am40_5p0_1696cQ4R4.png,107.0,112
am40_5p0_1691cQ2R1.png,107.0,139
am40_5p0_1691cQ2R2.png,107.0,110
am40_5p0_1691cQ2R3.png,107.0,67
am40_5p0_1691cQ2R4.png,107.0,161
am40_5p0_1693cQ2R1.png,107.0,139
am40_5p0_1693cQ2R2.png,107.0,94
am40_5p0_1693cQ2R3.png,107.0,154
am40_5p0_1693cQ2R4.png,107.0,132
am40_2p5_1760cQ1R1.png,107.0,80
am40_2p5_1760cQ1R2.png,107.0,74
am40_2p5_1760cQ1R3.png,107.0,92
am40_2p5_1760cQ1R4.png,107.0,132
am40_2p5_1760cQ4R1.png,107.0,125
am40_2p5_1760cQ4R2.png,107.0,102
am40_2p5_1760cQ4R3.png,107.0,93
am40_2p5_1760cQ4R4.png,107.0,68
am40_2p5_1765cQ2R1.png,107.0,65
am40_2p5_1765cQ2R2.png,107.0,92
am40_2p5_1765cQ2R3.png,107.0,82
am40_2p5_1765cQ2R4.png,107.0,141
am40_2p5_1740cQ2R1.png,107.0,119
am40_2p5_1740cQ2R2.png,107.0,114
am40_2p5_1740cQ2R3.png,107.0,116
am40_2p5_1740cQ2R4.png,107.0,127
am40_5p0_1721cQ1R1.png,107.0,80
am40_5p0_1721cQ1R2.png,107.0,110
am40_5p0_1721cQ1R3.png,107.0,116
am40_5p0_1721cQ1R4.png,107.0,86
am40_5p0_1721cQ2R1.png,107.0,80
am40_5p0_1721cQ2R2.png,107.0,81
am40_5p0_1721cQ2R3.png,107.0,119
am40_5p0_1721cQ2R4.png,107.0,119
am40_2p5_1761cQ1R1.png,107.0,124
am40_2p5_1761cQ1R2.png,107.0,75
am40_2p5_1761cQ1R3.png,107.0,107
am40_2p5_1761cQ1R4.png,107.0,89
am40_2p5_1761cQ3R1.png,107.0,99
am40_2p5_1761cQ3R2.png,107.0,85
am40_2p5_1761cQ3R3.png,107.0,104
am40_2p5_1761cQ3R4.png,107.0,53
am40_2p5_1761cQ4R1.png,107.0,72
am40_2p5_1761cQ4R2.png,107.0,61
am40_2p5_1761cQ4R3.png,107.0,91
am40_2p5_1761cQ4R4.png,107.0,68
am40_2p5_1733cQ1R1.png,107.0,127
am40_2p5_1733cQ1R2.png,107.0,99
am40_2p5_1733cQ1R3.png,107.0,121
am40_2p5_1733cQ1R4.png,107.0,94
am40_2p5_1752cQ1R1.png,107.0,155
am40_2p5_1752cQ1R2.png,107.0,130
am40_2p5_1752cQ1R3.png,107.0,141
am40_2p5_1752cQ1R4.png,107.0,91
am40_2p5_1752cQ4R1.png,107.0,155
am40_2p5_1752cQ4R2.png,107.0,151
am40_2p5_1752cQ4R3.png,107.0,112
am40_2p5_1752cQ4R4.png,107.0,88
am40_2p5_1759cQ1R1.png,107.0,102
am40_2p5_1759cQ1R2.png,107.0,106
am40_2p5_1759cQ1R3.png,107.0,98
am40_2p5_1759cQ1R4.png,107.0,102
am40_2p5_1756cQ4R1.png,107.0,95
am40_2p5_1756cQ4R2.png,107.0,84
am40_2p5_1756cQ4R3.png,107.0,118
am40_2p5_1756cQ4R4.png,107.0,98
am40_2p5_1746cQ4R1.png,107.0,94
am40_2p5_1746cQ4R2.png,107.0,124
am40_2p5_1746cQ4R3.png,107.0,139
am40_2p5_1746cQ4R4.png,107.0,125
am40_5p0_1699cQ2R1.png,107.0,97
am40_5p0_1699cQ2R2.png,107.0,100
am40_5p0_1699cQ2R3.png,107.0,98
am40_5p0_1699cQ2R4.png,107.0,78
am40_2p5_1755cQ1R1.png,107.0,89
am40_2p5_1755cQ1R2.png,107.0,87
am40_2p5_1755cQ1R3.png,107.0,98
am40_2p5_1755cQ1R4.png,107.0,131
am40_2p5_1755cQ4R1.png,107.0,119
am40_2p5_1755cQ4R2.png,107.0,99
am40_2p5_1755cQ4R3.png,107.0,99
am40_2p5_1755cQ4R4.png,107.0,110
am40_5p0_1712cQ2R1.png,107.0,132
am40_5p0_1712cQ2R2.png,107.0,148
am40_5p0_1712cQ2R3.png,107.0,111
am40_5p0_1712cQ2R4.png,107.0,181
am40_5p0_1712cQ3R1.png,107.0,102
am40_5p0_1712cQ3R2.png,107.0,135
am40_5p0_1712cQ3R3.png,107.0,94
am40_5p0_1712cQ3R4.png,107.0,123
am40_5p0_1700cQ1R1.png,107.0,102
am40_5p0_1700cQ1R2.png,107.0,69
am40_5p0_1700cQ1R3.png,107.0,87
am40_5p0_1700cQ1R4.png,107.0,119
am40_2p5_1724cQ1R1.png,107.0,119
am40_2p5_1724cQ1R2.png,107.0,136
am40_2p5_1724cQ1R3.png,107.0,118
am40_2p5_1724cQ1R4.png,107.0,134
am40_5p0_1692cQ2R1.png,107.0,136
am40_5p0_1692cQ2R2.png,107.0,214
am40_5p0_1692cQ2R3.png,107.0,130
am40_5p0_1692cQ2R4.png,107.0,129
am40_5p0_1692cQ4R1.png,107.0,89
am40_5p0_1692cQ4R2.png,107.0,55
am40_5p0_1692cQ4R3.png,107.0,72
am40_5p0_1692cQ4R4.png,107.0,116
am40_2p5_1731cQ2R1.png,107.0,133
am40_2p5_1731cQ2R2.png,107.0,93
am40_2p5_1731cQ2R3.png,107.0,123
am40_2p5_1731cQ2R4.png,107.0,133
am40_2p5_1736cQ3R1.png,107.0,127
am40_2p5_1736cQ3R2.png,107.0,152
am40_2p5_1736cQ3R3.png,107.0,116
am40_2p5_1736cQ3R4.png,107.0,117
am40_2p5_1753cQ1R1.png,107.0,105
am40_2p5_1753cQ1R2.png,107.0,104
am40_2p5_1753cQ1R3.png,107.0,134
am40_2p5_1753cQ1R4.png,107.0,118
am40_2p5_1762cQ1R1.png,107.0,85
am40_2p5_1762cQ1R2.png,107.0,108
am40_2p5_1762cQ1R3.png,107.0,117
am40_2p5_1762cQ1R4.png,107.0,91
am40_2p5_1762cQ3R1.png,107.0,106
am40_2p5_1762cQ3R2.png,107.0,118
am40_2p5_1762cQ3R3.png,107.0,121
am40_2p5_1762cQ3R4.png,107.0,157
am40_2p5_1766cQ4R1.png,107.0,77
am40_2p5_1766cQ4R2.png,107.0,88
am40_2p5_1766cQ4R3.png,107.0,104
am40_2p5_1766cQ4R4.png,107.0,76
am40_5p0_1695cQ2R1.png,107.0,117
am40_5p0_1695cQ2R2.png,107.0,70
am40_5p0_1695cQ2R3.png,107.0,79
am40_5p0_1695cQ2R4.png,107.0,177
am40_2p5_1747cQ3R1.png,107.0,129
am40_2p5_1747cQ3R2.png,107.0,118
am40_2p5_1747cQ3R3.png,107.0,168
am40_2p5_1747cQ3R4.png,107.0,135
am40_2p5_1748cQ2R1.png,107.0,126
am40_2p5_1748cQ2R2.png,107.0,136
am40_2p5_1748cQ2R3.png,107.0,146
am40_2p5_1748cQ2R4.png,107.0,171
am40_2p5_1748cQ4R1.png,107.0,77
am40_2p5_1748cQ4R2.png,107.0,66
am40_2p5_1748cQ4R3.png,107.0,99
am40_2p5_1748cQ4R4.png,107.0,126
am40_2p5_1745cQ3R1.png,107.0,131
am40_2p5_1745cQ3R2.png,107.0,73
am40_2p5_1745cQ3R3.png,107.0,147
am40_2p5_1745cQ3R4.png,107.0,122
am40_2p5_1745cQ4R1.png,107.0,120
am40_2p5_1745cQ4R2.png,107.0,117
am40_2p5_1745cQ4R3.png,107.0,127
am40_2p5_1745cQ4R4.png,107.0,88
am40_5p0_1717cQ1R1.png,107.0,127
am40_5p0_1717cQ1R2.png,107.0,143
am40_5p0_1717cQ1R3.png,107.0,144
am40_5p0_1717cQ1R4.png,107.0,112
am40_5p0_1720cQ3R1.png,107.0,111
am40_5p0_1720cQ3R2.png,107.0,100
am40_5p0_1720cQ3R3.png,107.0,127
am40_5p0_1720cQ3R4.png,107.0,76
am40_2p5_1743cQ1R1.png,107.0,146
am40_2p5_1743cQ1R2.png,107.0,70
am40_2p5_1743cQ1R3.png,107.0,116
am40_2p5_1743cQ1R4.png,107.0,116
am40_2p5_1735cQ4R1.png,107.0,113
am40_2p5_1735cQ4R2.png,107.0,81
am40_2p5_1735cQ4R3.png,107.0,122
am40_2p5_1735cQ4R4.png,107.0,125
am70_5p0_f_e_1577cQ2R1.png,127.0,177
am70_5p0_f_e_1577cQ2R2.png,127.0,126
am70_5p0_f_e_1577cQ2R3.png,127.0,209
am70_5p0_f_e_1577cQ2R4.png,127.0,120
am70_5p0_f_e_1572cQ3R1.png,127.0,150
am70_5p0_f_e_1572cQ3R2.png,127.0,132
am70_5p0_f_e_1572cQ3R3.png,127.0,72
am70_5p0_f_e_1572cQ3R4.png,127.0,216
am70_2p5_f_1612cQ2R1.png,127.0,100
am70_2p5_f_1612cQ2R2.png,127.0,97
am70_2p5_f_1612cQ2R3.png,127.0,107
am70_2p5_f_1612cQ2R4.png,127.0,126
am70_2p5_f_1612cQ4R1.png,127.0,109
am70_2p5_f_1612cQ4R2.png,127.0,68
am70_2p5_f_1612cQ4R3.png,127.0,114
am70_2p5_f_1612cQ4R4.png,127.0,98
am70_2p5_f_1605cQ1R1.png,127.0,88
am70_2p5_f_1605cQ1R2.png,127.0,134
am70_2p5_f_1605cQ1R3.png,127.0,138
am70_2p5_f_1605cQ1R4.png,127.0,200
am70_2p5_f_1605cQ2R1.png,127.0,205
am70_2p5_f_1605cQ2R2.png,127.0,175
am70_2p5_f_1605cQ2R3.png,127.0,167
am70_2p5_f_1605cQ2R4.png,127.0,142
am70_5p0_f_e_1568cQ3R1.png,127.0,124
am70_5p0_f_e_1568cQ3R2.png,127.0,101
am70_5p0_f_e_1568cQ3R3.png,127.0,109
am70_5p0_f_e_1568cQ3R4.png,127.0,113
am70_5p0_f_e_1568cQ4R1.png,127.0,138
am70_5p0_f_e_1568cQ4R2.png,127.0,252
am70_5p0_f_e_1568cQ4R3.png,127.0,144
am70_5p0_f_e_1568cQ4R4.png,127.0,156
am70_5p0_f_e_1579cQ2R1.png,127.0,140
am70_5p0_f_e_1579cQ2R2.png,127.0,152
am70_5p0_f_e_1579cQ2R3.png,127.0,131
am70_5p0_f_e_1579cQ2R4.png,127.0,121
am70_2p5_f_1592cQ1R1.png,127.0,108
am70_2p5_f_1592cQ1R2.png,127.0,140
am70_2p5_f_1592cQ1R3.png,127.0,106
am70_2p5_f_1592cQ1R4.png,127.0,124
am70_2p5_f_1592cQ4R1.png,127.0,107
am70_2p5_f_1592cQ4R2.png,127.0,156
am70_2p5_f_1592cQ4R3.png,127.0,83
am70_2p5_f_1592cQ4R4.png,127.0,147
am70_2p5_f_1601cQ4R1.png,127.0,115
am70_2p5_f_1601cQ4R2.png,127.0,193
am70_2p5_f_1601cQ4R3.png,127.0,139
am70_2p5_f_1601cQ4R4.png,127.0,142
am70_5p0_f_e_1564cQ2R1.png,127.0,84
am70_5p0_f_e_1564cQ2R2.png,127.0,116
am70_5p0_f_e_1564cQ2R3.png,127.0,123
am70_5p0_f_e_1564cQ2R4.png,127.0,166
am70_5p0_f_e_1561cQ3R1.png,127.0,150
am70_5p0_f_e_1561cQ3R2.png,127.0,117
am70_5p0_f_e_1561cQ3R3.png,127.0,75
am70_5p0_f_e_1561cQ3R4.png,127.0,93
am70_5p0_f_1556cQ1R1.png,127.0,177
am70_5p0_f_1556cQ1R2.png,127.0,136
am70_5p0_f_1556cQ1R3.png,127.0,112
am70_5p0_f_1556cQ1R4.png,127.0,104
am70_5p0_f_1556cQ3R1.png,127.0,125
am70_5p0_f_1556cQ3R2.png,127.0,264
am70_5p0_f_1556cQ3R3.png,127.0,150
am70_5p0_f_1556cQ3R4.png,127.0,157
am70_5p0_f_1557cQ4R1.png,127.0,103
am70_5p0_f_1557cQ4R2.png,127.0,121
am70_5p0_f_1557cQ4R3.png,127.0,102
am70_5p0_f_1557cQ4R4.png,127.0,108
am70_2p5_f_1614cQ1R1.png,127.0,156
am70_2p5_f_1614cQ1R2.png,127.0,132
am70_2p5_f_1614cQ1R3.png,127.0,170
am70_2p5_f_1614cQ1R4.png,127.0,108
am70_2p5_f_1603cQ1R1.png,127.0,119
am70_2p5_f_1603cQ1R2.png,127.0,35
am70_2p5_f_1603cQ1R3.png,127.0,220
am70_2p5_f_1603cQ1R4.png,127.0,30
am70_2p5_f_1603cQ2R1.png,127.0,130
am70_2p5_f_1603cQ2R2.png,127.0,89
am70_2p5_f_1603cQ2R3.png,127.0,223
am70_2p5_f_1603cQ2R4.png,127.0,129
am70_2p5_f_1593cQ4R1.png,127.0,141
am70_2p5_f_1593cQ4R2.png,127.0,147
am70_2p5_f_1593cQ4R3.png,127.0,164
am70_2p5_f_1593cQ4R4.png,127.0,150
am70_5p0_f_e_1586cQ4R1.png,127.0,122
am70_5p0_f_e_1586cQ4R2.png,127.0,161
am70_5p0_f_e_1586cQ4R3.png,127.0,102
am70_5p0_f_e_1586cQ4R4.png,127.0,126
am70_5p0_f_e_1581cQ3R1.png,127.0,81
am70_5p0_f_e_1581cQ3R2.png,127.0,91
am70_5p0_f_e_1581cQ3R3.png,127.0,83
am70_5p0_f_e_1581cQ3R4.png,127.0,127
am70_2p5_f_1615cQ4R1.png,127.0,99
am70_2p5_f_1615cQ4R2.png,127.0,97
am70_2p5_f_1615cQ4R3.png,127.0,95
am70_2p5_f_1615cQ4R4.png,127.0,99
am70_2p5_f_1591cQ4R1.png,127.0,191
am70_2p5_f_1591cQ4R2.png,127.0,73
am70_2p5_f_1591cQ4R3.png,127.0,105
am70_2p5_f_1591cQ4R4.png,127.0,138
am70_5p0_f_e_1583cQ2R1.png,127.0,274
am70_5p0_f_e_1583cQ2R2.png,127.0,201
am70_5p0_f_e_1583cQ2R3.png,127.0,190
am70_5p0_f_e_1583cQ2R4.png,127.0,140
am70_5p0_f_e_1584cQ1R1.png,127.0,187
am70_5p0_f_e_1584cQ1R2.png,127.0,151
am70_5p0_f_e_1584cQ1R3.png,127.0,149
am70_5p0_f_e_1584cQ1R4.png,127.0,170
am70_5p0_f_e_1584cQ4R1.png,127.0,119
am70_5p0_f_e_1584cQ4R2.png,127.0,101
am70_5p0_f_e_1584cQ4R3.png,127.0,122
am70_5p0_f_e_1584cQ4R4.png,127.0,73
am70_2p5_f_1606cQ2R1.png,127.0,72
am70_2p5_f_1606cQ2R2.png,127.0,84
am70_2p5_f_1606cQ2R3.png,127.0,53
am70_2p5_f_1606cQ2R4.png,127.0,133
am70_5p0_f_e_1566cQ4R1.png,127.0,159
am70_5p0_f_e_1566cQ4R2.png,127.0,137
am70_5p0_f_e_1566cQ4R3.png,127.0,121
am70_5p0_f_e_1566cQ4R4.png,127.0,117
am70_2p5_f_1620cQ4R1.png,127.0,139
am70_2p5_f_1620cQ4R2.png,127.0,117
am70_2p5_f_1620cQ4R3.png,127.0,119
am70_2p5_f_1620cQ4R4.png,127.0,146
am70_5p0_f_e_1565cQ1R1.png,127.0,142
am70_5p0_f_e_1565cQ1R2.png,127.0,129
am70_5p0_f_e_1565cQ1R3.png,127.0,117
am70_5p0_f_e_1565cQ1R4.png,127.0,117
am70_2p5_f_1607cQ3R1.png,127.0,107
am70_2p5_f_1607cQ3R2.png,127.0,140
am70_2p5_f_1607cQ3R3.png,127.0,206
am70_2p5_f_1607cQ3R4.png,127.0,129
am70_5p0_f_e_1574cQ2R1.png,127.0,145
am70_5p0_f_e_1574cQ2R2.png,127.0,104
am70_5p0_f_e_1574cQ2R3.png,127.0,108
am70_5p0_f_e_1574cQ2R4.png,127.0,94
am70_5p0_f_e_1574cQ4R1.png,127.0,130
am70_5p0_f_e_1574cQ4R2.png,127.0,132
am70_5p0_f_e_1574cQ4R3.png,127.0,106
am70_5p0_f_e_1574cQ4R4.png,127.0,123
am70_5p0_f_1559cQ3R1.png,127.0,158
am70_5p0_f_1559cQ3R2.png,127.0,169
am70_5p0_f_1559cQ3R3.png,127.0,146
am70_5p0_f_1559cQ3R4.png,127.0,203
am70_2p5_f_1590cQ1R1.png,127.0,94
am70_2p5_f_1590cQ1R2.png,127.0,110
am70_2p5_f_1590cQ1R3.png,127.0,93
am70_2p5_f_1590cQ1R4.png,127.0,121
am70_5p0_f_e_1582cQ4R1.png,127.0,184
am70_5p0_f_e_1582cQ4R2.png,127.0,148
am70_5p0_f_e_1582cQ4R3.png,127.0,115
am70_5p0_f_e_1582cQ4R4.png,127.0,128
am70_5p0_f_e_1578cQ4R1.png,127.0,134
am70_5p0_f_e_1578cQ4R2.png,127.0,140
am70_5p0_f_e_1578cQ4R3.png,127.0,109
am70_5p0_f_e_1578cQ4R4.png,127.0,113
am70_5p0_f_e_1589cQ3R1.png,127.0,103
am70_5p0_f_e_1589cQ3R2.png,127.0,127
am70_5p0_f_e_1589cQ3R3.png,127.0,128
am70_5p0_f_e_1589cQ3R4.png,127.0,126
am70_5p0_f_e_1570cQ2R1.png,127.0,184
am70_5p0_f_e_1570cQ2R2.png,127.0,153
am70_5p0_f_e_1570cQ2R3.png,127.0,199
am70_5p0_f_e_1570cQ2R4.png,127.0,130
am70_2p5_f_1604cQ2R1.png,127.0,125
am70_2p5_f_1604cQ2R2.png,127.0,108
am70_2p5_f_1604cQ2R3.png,127.0,112
am70_2p5_f_1604cQ2R4.png,127.0,60
am70_2p5_f_1604cQ4R1.png,127.0,105
am70_2p5_f_1604cQ4R2.png,127.0,108
am70_2p5_f_1604cQ4R3.png,127.0,120
am70_2p5_f_1604cQ4R4.png,127.0,157
am70_5p0_f_e_1575cQ2R1.png,127.0,118
am70_5p0_f_e_1575cQ2R2.png,127.0,137
am70_5p0_f_e_1575cQ2R3.png,127.0,132
am70_5p0_f_e_1575cQ2R4.png,127.0,123
am70_2p5_f_1610cQ4R1.png,127.0,182
am70_2p5_f_1610cQ4R2.png,127.0,185
am70_2p5_f_1610cQ4R3.png,127.0,260
am70_2p5_f_1610cQ4R4.png,127.0,166
am60_2p5_1675cQ3R1.png,120.0,173
am60_2p5_1675cQ3R2.png,120.0,148
am60_2p5_1675cQ3R3.png,120.0,97
am60_2p5_1675cQ3R4.png,120.0,145
am60_2p5_1675cQ4R1.png,120.0,109
am60_2p5_1675cQ4R2.png,120.0,112
am60_2p5_1675cQ4R3.png,120.0,123
am60_2p5_1675cQ4R4.png,120.0,115
am60_5p0_1638cQ2R1.png,120.0,91
am60_5p0_1638cQ2R2.png,120.0,122
am60_5p0_1638cQ2R3.png,120.0,106
am60_5p0_1638cQ2R4.png,120.0,121
am60_5p0_edge_1634cQ4R1.png,120.0,102
am60_5p0_edge_1634cQ4R2.png,120.0,115
am60_5p0_edge_1634cQ4R3.png,120.0,124
am60_5p0_edge_1634cQ4R4.png,120.0,123
am60_5p0_1644cQ3R1.png,120.0,118
am60_5p0_1644cQ3R2.png,120.0,109
am60_5p0_1644cQ3R3.png,120.0,124
am60_5p0_1644cQ3R4.png,120.0,119
am60_2p5_1683cQ4R1.png,120.0,127
am60_2p5_1683cQ4R2.png,120.0,130
am60_2p5_1683cQ4R3.png,120.0,138
am60_2p5_1683cQ4R4.png,120.0,91
am60_5p0_1656cQ1R1.png,120.0,128
am60_5p0_1656cQ1R2.png,120.0,162
am60_5p0_1656cQ1R3.png,120.0,126
am60_5p0_1656cQ1R4.png,120.0,104
am60_2p5_1666cQ1R1.png,120.0,119
am60_2p5_1666cQ1R2.png,120.0,93
am60_2p5_1666cQ1R3.png,120.0,117
am60_2p5_1666cQ1R4.png,120.0,79
am60_5p0_1637cQ2R1.png,120.0,121
am60_5p0_1637cQ2R2.png,120.0,105
am60_5p0_1637cQ2R3.png,120.0,105
am60_5p0_1637cQ2R4.png,120.0,101
am60_5p0_1637cQ3R1.png,120.0,100
am60_5p0_1637cQ3R2.png,120.0,152
am60_5p0_1637cQ3R3.png,120.0,130
am60_5p0_1637cQ3R4.png,120.0,133
am60_5p0_1637cQ4R1.png,120.0,91
am60_5p0_1637cQ4R2.png,120.0,104
am60_5p0_1637cQ4R3.png,120.0,86
am60_5p0_1637cQ4R4.png,120.0,99
am60_5p0_edge_1629cQ3R1.png,120.0,91
am60_5p0_edge_1629cQ3R2.png,120.0,99
am60_5p0_edge_1629cQ3R3.png,120.0,125
am60_5p0_edge_1629cQ3R4.png,120.0,114
am60_5p0_edge_1629cQ4R1.png,120.0,118
am60_5p0_edge_1629cQ4R2.png,120.0,102
am60_5p0_edge_1629cQ4R3.png,120.0,128
am60_5p0_edge_1629cQ4R4.png,120.0,104
am60_5p0_1649cQ1R1.png,120.0,133
am60_5p0_1649cQ1R2.png,120.0,110
am60_5p0_1649cQ1R3.png,120.0,134
am60_5p0_1649cQ1R4.png,120.0,105
am60_5p0_1640cQ2R1.png,120.0,108
am60_5p0_1640cQ2R2.png,120.0,114
am60_5p0_1640cQ2R3.png,120.0,133
am60_5p0_1640cQ2R4.png,120.0,108
am60_5p0_1640cQ4R1.png,120.0,107
am60_5p0_1640cQ4R2.png,120.0,87
am60_5p0_1640cQ4R3.png,120.0,92
am60_5p0_1640cQ4R4.png,120.0,92
am60_5p0_1650cQ3R1.png,120.0,71
am60_5p0_1650cQ3R2.png,120.0,123
am60_5p0_1650cQ3R3.png,120.0,81
am60_5p0_1650cQ3R4.png,120.0,104
am60_5p0_edge_1633cQ1R1.png,120.0,150
am60_5p0_edge_1633cQ1R2.png,120.0,93
am60_5p0_edge_1633cQ1R3.png,120.0,100
am60_5p0_edge_1633cQ1R4.png,120.0,125
am60_5p0_edge_1633cQ4R1.png,120.0,100
am60_5p0_edge_1633cQ4R2.png,120.0,107
am60_5p0_edge_1633cQ4R3.png,120.0,121
am60_5p0_edge_1633cQ4R4.png,120.0,111
am60_2p5_1689cQ1R1.png,120.0,106
am60_2p5_1689cQ1R2.png,120.0,154
am60_2p5_1689cQ1R3.png,120.0,129
am60_2p5_1689cQ1R4.png,120.0,124
am60_5p0_edge_1625cQ2R1.png,120.0,92
am60_5p0_edge_1625cQ2R2.png,120.0,117
am60_5p0_edge_1625cQ2R3.png,120.0,83
am60_5p0_edge_1625cQ2R4.png,120.0,116
am60_2p5_1671cQ1R1.png,120.0,77
am60_2p5_1671cQ1R2.png,120.0,102
am60_2p5_1671cQ1R3.png,120.0,92
am60_2p5_1671cQ1R4.png,120.0,115
am60_5p0_1651cQ3R1.png,120.0,86
am60_5p0_1651cQ3R2.png,120.0,100
am60_5p0_1651cQ3R3.png,120.0,128
am60_5p0_1651cQ3R4.png,120.0,124
am60_2p5_1673cQ2R1.png,120.0,227
am60_2p5_1673cQ2R2.png,120.0,136
am60_2p5_1673cQ2R3.png,120.0,128
am60_2p5_1673cQ2R4.png,120.0,144
am60_2p5_1669cQ1R1.png,120.0,86
am60_2p5_1669cQ1R2.png,120.0,92
am60_2p5_1669cQ1R3.png,120.0,97
am60_2p5_1669cQ1R4.png,120.0,106
am60_2p5_1676cQ1R1.png,120.0,98
am60_2p5_1676cQ1R2.png,120.0,92
am60_2p5_1676cQ1R3.png,120.0,79
am60_2p5_1676cQ1R4.png,120.0,85
am60_2p5_1676cQ3R1.png,120.0,180
am60_2p5_1676cQ3R2.png,120.0,130
am60_2p5_1676cQ3R3.png,120.0,126
am60_2p5_1676cQ3R4.png,120.0,185
am60_5p0_1645cQ3R1.png,120.0,96
am60_5p0_1645cQ3R2.png,120.0,100
am60_5p0_1645cQ3R3.png,120.0,114
am60_5p0_1645cQ3R4.png,120.0,152
am60_5p0_1653cQ1R1.png,120.0,116
am60_5p0_1653cQ1R2.png,120.0,129
am60_5p0_1653cQ1R3.png,120.0,135
am60_5p0_1653cQ1R4.png,120.0,119
am60_5p0_1653cQ2R1.png,120.0,92
am60_5p0_1653cQ2R2.png,120.0,129
am60_5p0_1653cQ2R3.png,120.0,119
am60_5p0_1653cQ2R4.png,120.0,107
am60_2p5_1681cQ4R1.png,120.0,150
am60_2p5_1681cQ4R2.png,120.0,179
am60_2p5_1681cQ4R3.png,120.0,134
am60_2p5_1681cQ4R4.png,120.0,167
am60_2p5_1672cQ1R1.png,120.0,124
am60_2p5_1672cQ1R2.png,120.0,97
am60_2p5_1672cQ1R3.png,120.0,111
am60_2p5_1672cQ1R4.png,120.0,130
am60_5p0_1652cQ2R1.png,120.0,100
am60_5p0_1652cQ2R2.png,120.0,113
am60_5p0_1652cQ2R3.png,120.0,93
am60_5p0_1652cQ2R4.png,120.0,93
am60_5p0_edge_1635cQ4R1.png,120.0,112
am60_5p0_edge_1635cQ4R2.png,120.0,121
am60_5p0_edge_1635cQ4R3.png,120.0,111
am60_5p0_edge_1635cQ4R4.png,120.0,110
am60_5p0_1654cQ1R1.png,120.0,102
am60_5p0_1654cQ1R2.png,120.0,113
am60_5p0_1654cQ1R3.png,120.0,134
am60_5p0_1654cQ1R4.png,120.0,120
am60_5p0_1654cQ2R1.png,120.0,105
am60_5p0_1654cQ2R2.png,120.0,97
am60_5p0_1654cQ2R3.png,120.0,101
am60_5p0_1654cQ2R4.png,120.0,92
am60_2p5_1684cQ4R1.png,120.0,151
am60_2p5_1684cQ4R2.png,120.0,132
am60_2p5_1684cQ4R3.png,120.0,122
am60_2p5_1684cQ4R4.png,120.0,110
am60_5p0_1655cQ1R1.png,120.0,103
am60_5p0_1655cQ1R2.png,120.0,122
am60_5p0_1655cQ1R3.png,120.0,106
am60_5p0_1655cQ1R4.png,120.0,102
am60_5p0_1655cQ2R1.png,120.0,89
am60_5p0_1655cQ2R2.png,120.0,96
am60_5p0_1655cQ2R3.png,120.0,90
am60_5p0_1655cQ2R4.png,120.0,88
am60_5p0_1655cQ3R1.png,120.0,113
am60_5p0_1655cQ3R2.png,120.0,107
am60_5p0_1655cQ3R3.png,120.0,106
am60_5p0_1655cQ3R4.png,120.0,120
am60_5p0_1655cQ4R1.png,120.0,136
am60_5p0_1655cQ4R2.png,120.0,126
am60_5p0_1655cQ4R3.png,120.0,128
am60_5p0_1655cQ4R4.png,120.0,147
am60_5p0_1648cQ3R1.png,120.0,70
am60_5p0_1648cQ3R2.png,120.0,138
am60_5p0_1648cQ3R3.png,120.0,91
am60_5p0_1648cQ3R4.png,120.0,88
am60_2p5_1664cQ3R1.png,120.0,150
am60_2p5_1664cQ3R2.png,120.0,127
am60_2p5_1664cQ3R3.png,120.0,236
am60_2p5_1664cQ3R4.png,120.0,156
am60_2p5_1664cQ4R1.png,120.0,129
am60_2p5_1664cQ4R2.png,120.0,97
am60_2p5_1664cQ4R3.png,120.0,96
am60_2p5_1664cQ4R4.png,120.0,108
am60_2p5_1662cQ1R1.png,120.0,136
am60_2p5_1662cQ1R2.png,120.0,115
am60_2p5_1662cQ1R3.png,120.0,117
am60_2p5_1662cQ1R4.png,120.0,105
am60_2p5_1662cQ3R1.png,120.0,120
am60_2p5_1662cQ3R2.png,120.0,118
am60_2p5_1662cQ3R3.png,120.0,95
am60_2p5_1662cQ3R4.png,120.0,122
am60_2p5_1677cQ2R1.png,120.0,100
am60_2p5_1677cQ2R2.png,120.0,121
am60_2p5_1677cQ2R3.png,120.0,105
am60_2p5_1677cQ2R4.png,120.0,124
am60_2p5_1677cQ4R1.png,120.0,112
am60_2p5_1677cQ4R2.png,120.0,119
am60_2p5_1677cQ4R3.png,120.0,109
am60_2p5_1677cQ4R4.png,120.0,106
am60_2p5_1658cQ1R1.png,120.0,135
am60_2p5_1658cQ1R2.png,120.0,94
am60_2p5_1658cQ1R3.png,120.0,94
am60_2p5_1658cQ1R4.png,120.0,127
am60_5p0_edge_1630cQ1R1.png,120.0,120
am60_5p0_edge_1630cQ1R2.png,120.0,108
am60_5p0_edge_1630cQ1R3.png,120.0,140
am60_5p0_edge_1630cQ1R4.png,120.0,174
am60_2p5_1680cQ4R1.png,120.0,101
am60_2p5_1680cQ4R2.png,120.0,87
am60_2p5_1680cQ4R3.png,120.0,104
am60_2p5_1680cQ4R4.png,120.0,93
am60_2p5_1661cQ2R1.png,120.0,124
am60_2p5_1661cQ2R2.png,120.0,86
am60_2p5_1661cQ2R3.png,120.0,136
am60_2p5_1661cQ2R4.png,120.0,131
am60_2p5_1661cQ3R1.png,120.0,153
am60_2p5_1661cQ3R2.png,120.0,121
am60_2p5_1661cQ3R3.png,120.0,113
am60_2p5_1661cQ3R4.png,120.0,217
am60_2p5_1661cQ4R1.png,120.0,62
am60_2p5_1661cQ4R2.png,120.0,138
am60_2p5_1661cQ4R3.png,120.0,109
am60_2p5_1661cQ4R4.png,120.0,143
am60_5p0_1636cQ1R1.png,120.0,83
am60_5p0_1636cQ1R2.png,120.0,89
am60_5p0_1636cQ1R3.png,120.0,79
am60_5p0_1636cQ1R4.png,120.0,75
am60_5p0_1657cQ4R1.png,120.0,128
am60_5p0_1657cQ4R2.png,120.0,193
am60_5p0_1657cQ4R3.png,120.0,128
am60_5p0_1657cQ4R4.png,120.0,144
am60_5p0_edge_1631cQ1R1.png,120.0,106
am60_5p0_edge_1631cQ1R2.png,120.0,99
am60_5p0_edge_1631cQ1R3.png,120.0,94
am60_5p0_edge_1631cQ1R4.png,120.0,75
am60_5p0_edge_1631cQ3R1.png,120.0,126
am60_5p0_edge_1631cQ3R2.png,120.0,117
am60_5p0_edge_1631cQ3R3.png,120.0,138
am60_5p0_edge_1631cQ3R4.png,120.0,103
Billet_Face1-250xcQ2R1.png,1050.0,958
Billet_Face1-250xcQ2R2.png,1050.0,1110
Billet_Face1-250xcQ2R3.png,1050.0,993
Billet_Face1-250xcQ2R4.png,1050.0,1169
Billet_Face1-500x-CcQ1R1.png,1050.0,846
Billet_Face1-500x-CcQ1R2.png,1050.0,1002
Billet_Face1-500x-CcQ1R3.png,1050.0,1064
Billet_Face1-500x-CcQ1R4.png,1050.0,1116
Billet_Face1-500x-DcQ3R1.png,1050.0,830
Billet_Face1-500x-DcQ3R2.png,1050.0,785
Billet_Face1-500x-DcQ3R3.png,1050.0,894
Billet_Face1-500x-DcQ3R4.png,1050.0,830
Billet_Face1-500x-DcQ4R1.png,1050.0,1016
Billet_Face1-500x-DcQ4R2.png,1050.0,942
Billet_Face1-500x-DcQ4R3.png,1050.0,1228
Billet_Face1-500x-DcQ4R4.png,1050.0,1305
Billet_Face1-500x-EcQ1R1.png,1050.0,765
Billet_Face1-500x-EcQ1R2.png,1050.0,908
Billet_Face1-500x-EcQ1R3.png,1050.0,1034
Billet_Face1-500x-EcQ1R4.png,1050.0,866
Billet_Face1-2000xcQ3R1.png,1050.0,741
Billet_Face1-2000xcQ3R2.png,1050.0,867
Billet_Face1-2000xcQ3R3.png,1050.0,1113
Billet_Face1-2000xcQ3R4.png,1050.0,793
Billet_Face1-2000xcQ4R1.png,1050.0,748
Billet_Face1-2000xcQ4R2.png,1050.0,664
Billet_Face1-2000xcQ4R3.png,1050.0,724
Billet_Face1-2000xcQ4R4.png,1050.0,772
Billet_Face2-500x-AcQ1R1.png,1050.0,1099
Billet_Face2-500x-AcQ1R2.png,1050.0,873
Billet_Face2-500x-AcQ1R3.png,1050.0,824
Billet_Face2-500x-AcQ1R4.png,1050.0,945
Billet_Face2-500x-AcQ2R1.png,1050.0,975
Billet_Face2-500x-AcQ2R2.png,1050.0,956
Billet_Face2-500x-AcQ2R3.png,1050.0,1472
Billet_Face2-500x-AcQ2R4.png,1050.0,1159
Billet_Face2-500x-AcQ3R1.png,1050.0,1047
Billet_Face2-500x-AcQ3R2.png,1050.0,953
Billet_Face2-500x-AcQ3R3.png,1050.0,1018
Billet_Face2-500x-AcQ3R4.png,1050.0,1006
Billet_Face2-500x-AcQ4R1.png,1050.0,941
Billet_Face2-500x-AcQ4R2.png,1050.0,1192
Billet_Face2-500x-AcQ4R3.png,1050.0,1044
Billet_Face2-500x-AcQ4R4.png,1050.0,1149
Billet_Face2-500x-BcQ4R1.png,1050.0,1033
Billet_Face2-500x-BcQ4R2.png,1050.0,1042
Billet_Face2-500x-BcQ4R3.png,1050.0,892
Billet_Face2-500x-BcQ4R4.png,1050.0,828
Billet_Face2-500x-CcQ2R1.png,1050.0,904
Billet_Face2-500x-CcQ2R2.png,1050.0,1012
Billet_Face2-500x-CcQ2R3.png,1050.0,981
Billet_Face2-500x-CcQ2R4.png,1050.0,1082
Billet_Face2-500x-CcQ4R1.png,1050.0,1013
Billet_Face2-500x-CcQ4R2.png,1050.0,740
Billet_Face2-500x-CcQ4R3.png,1050.0,1034
Billet_Face2-500x-CcQ4R4.png,1050.0,810
Billet_Face2-500x-EcQ1R1.png,1050.0,792
Billet_Face2-500x-EcQ1R2.png,1050.0,884
Billet_Face2-500x-EcQ1R3.png,1050.0,901
Billet_Face2-500x-EcQ1R4.png,1050.0,894
Billet_Face2-500x-EcQ2R1.png,1050.0,971
Billet_Face2-500x-EcQ2R2.png,1050.0,1164
Billet_Face2-500x-EcQ2R3.png,1050.0,972
Billet_Face2-500x-EcQ2R4.png,1050.0,1199
Billet_Face3-250xcQ2R1.png,1050.0,852
Billet_Face3-250xcQ2R2.png,1050.0,909
Billet_Face3-250xcQ2R3.png,1050.0,990
Billet_Face3-250xcQ2R4.png,1050.0,963
Billet_Face3-250xcQ3R1.png,1050.0,1030
Billet_Face3-250xcQ3R2.png,1050.0,848
Billet_Face3-250xcQ3R3.png,1050.0,994
Billet_Face3-250xcQ3R4.png,1050.0,1075
Billet_Face3-500x-AcQ1R1.png,1050.0,1095
Billet_Face3-500x-AcQ1R2.png,1050.0,1167
Billet_Face3-500x-AcQ1R3.png,1050.0,979
Billet_Face3-500x-AcQ1R4.png,1050.0,1110
Billet_Face3-500x-AcQ4R1.png,1050.0,839
Billet_Face3-500x-AcQ4R2.png,1050.0,1029
Billet_Face3-500x-AcQ4R3.png,1050.0,1000
Billet_Face3-500x-AcQ4R4.png,1050.0,950
Billet_Face3-500x-DcQ1R1.png,1050.0,873
Billet_Face3-500x-DcQ1R2.png,1050.0,1048
Billet_Face3-500x-DcQ1R3.png,1050.0,936
Billet_Face3-500x-DcQ1R4.png,1050.0,1072
201-0T7-1cQ1R1.png,400.0,422
201-0T7-1cQ1R2.png,400.0,315
201-0T7-1cQ1R3.png,400.0,305
201-0T7-1cQ1R4.png,400.0,257
201-0T7-1cQ3R1.png,400.0,197
201-0T7-1cQ3R2.png,400.0,200
201-0T7-1cQ3R3.png,400.0,193
201-0T7-1cQ3R4.png,400.0,207
201-0T7-1cQ4R1.png,400.0,200
201-0T7-1cQ4R2.png,400.0,353
201-0T7-1cQ4R3.png,400.0,331
201-0T7-1cQ4R4.png,400.0,338
308-0-1cQ1R1.png,110.0,219
308-0-1cQ1R2.png,110.0,229
308-0-1cQ1R3.png,110.0,79
308-0-1cQ1R4.png,110.0,86
308-0-1cQ2R1.png,110.0,174
308-0-1cQ2R2.png,110.0,0
308-0-1cQ2R3.png,110.0,91
308-0-1cQ2R4.png,110.0,28
319-0-S1cQ3R1.png,185.0,438
319-0-S1cQ3R2.png,185.0,439
319-0-S1cQ3R3.png,185.0,423
319-0-S1cQ3R4.png,185.0,86
356-0-3cQ1R1.png,100.0,230
356-0-3cQ1R2.png,100.0,158
356-0-3cQ1R3.png,100.0,449
356-0-3cQ1R4.png,100.0,149
356-0-6cQ4R1.png,100.0,128
356-0-6cQ4R2.png,100.0,274
356-0-6cQ4R3.png,100.0,176
356-0-6cQ4R4.png,100.0,230
356-0-7cQ1R1.png,100.0,327
356-0-7cQ1R2.png,100.0,224
356-0-7cQ1R3.png,100.0,324
356-0-7cQ1R4.png,100.0,227
356-0-T6-2cQ2R1.png,152.0,139
356-0-T6-2cQ2R2.png,152.0,177
356-0-T6-2cQ2R3.png,152.0,132
356-0-T6-2cQ2R4.png,152.0,174
356-0-T6-2cQ4R1.png,152.0,402
356-0-T6-2cQ4R2.png,152.0,344
356-0-T6-2cQ4R3.png,152.0,111
356-0-T6-2cQ4R4.png,152.0,218
356-0-T6-3cQ1R1.png,152.0,319
356-0-T6-3cQ1R2.png,152.0,91
356-0-T6-3cQ1R3.png,152.0,113
356-0-T6-3cQ1R4.png,152.0,285
A356-0-2cQ1R1.png,83.0,0
A356-0-2cQ1R2.png,83.0,0
A356-0-2cQ1R3.png,83.0,0
A356-0-2cQ1R4.png,83.0,0
A356-0-2cQ3R1.png,83.0,0
A356-0-2cQ3R2.png,83.0,0
A356-0-2cQ3R3.png,83.0,0
A356-0-2cQ3R4.png,83.0,0
A357-0-T61-1cQ2R1.png,250.0,57
A357-0-T61-1cQ2R2.png,250.0,135
A357-0-T61-1cQ2R3.png,250.0,169
A357-0-T61-1cQ2R4.png,250.0,101
A357-0-T61-1cQ4R1.png,250.0,366
A357-0-T61-1cQ4R2.png,250.0,166
A357-0-T61-1cQ4R3.png,250.0,306
A357-0-T61-1cQ4R4.png,250.0,141
413-0-1cQ1R1.png,130.0,300
413-0-1cQ1R2.png,130.0,253
413-0-1cQ1R3.png,130.0,503
413-0-1cQ1R4.png,130.0,424
443-0-1cQ2R1.png,48.3,36
443-0-1cQ2R2.png,48.3,69
443-0-1cQ2R3.png,48.3,308
443-0-1cQ2R4.png,48.3,46
443-0-1cQ3R1.png,48.3,172
443-0-1cQ3R2.png,48.3,313
443-0-1cQ3R3.png,48.3,197
443-0-1cQ3R4.png,48.3,248
B443-0-1cQ1R1.png,41.4,188
B443-0-1cQ1R2.png,41.4,240
B443-0-1cQ1R3.png,41.4,6
B443-0-1cQ1R4.png,41.4,151
B443-0-1cQ3R1.png,41.4,104
B443-0-1cQ3R2.png,41.4,122
B443-0-1cQ3R3.png,41.4,309
B443-0-1cQ3R4.png,41.4,115
C443-0-1cQ2R1.png,100.0,184
C443-0-1cQ2R2.png,100.0,238
C443-0-1cQ2R3.png,100.0,25
C443-0-1cQ2R4.png,100.0,50
520-0-T4-1cQ3R1.png,152.0,241
520-0-T4-1cQ3R2.png,152.0,262
520-0-T4-1cQ3R3.png,152.0,369
520-0-T4-1cQ3R4.png,152.0,362
520-0-T4-2cQ2R1.png,152.0,233
520-0-T4-2cQ2R2.png,152.0,347
520-0-T4-2cQ2R3.png,152.0,177
520-0-T4-2cQ2R4.png,152.0,267
2014-T4-1cQ4R1.png,290.0,713
2014-T4-1cQ4R2.png,290.0,311
2014-T4-1cQ4R3.png,290.0,523
2014-T4-1cQ4R4.png,290.0,350
2014-T4-2cQ1R1.png,290.0,100
2014-T4-2cQ1R2.png,290.0,482
2014-T4-2cQ1R3.png,290.0,121
2014-T4-2cQ1R4.png,290.0,163
2014-T6-3cQ2R1.png,483.0,462
2014-T6-3cQ2R2.png,483.0,552
2014-T6-3cQ2R3.png,483.0,516
2014-T6-3cQ2R4.png,483.0,513
2024-O-2cQ1R1.png,95.0,309
2024-O-2cQ1R2.png,95.0,46
2024-O-2cQ1R3.png,95.0,291
2024-O-2cQ1R4.png,95.0,456
2024-O-2cQ4R1.png,95.0,113
2024-O-2cQ4R2.png,95.0,153
2024-O-2cQ4R3.png,95.0,393
2024-O-2cQ4R4.png,95.0,185
2024 T3-1cQ3R1.png,290.0,236
2024 T3-1cQ3R2.png,290.0,81
2024 T3-1cQ3R3.png,290.0,216
2024 T3-1cQ3R4.png,290.0,212
2024 T3-2cQ1R1.png,290.0,225
2024 T3-2cQ1R2.png,290.0,170
2024 T3-2cQ1R3.png,290.0,217
2024 T3-2cQ1R4.png,290.0,48
2024 T3-2cQ4R1.png,290.0,141
2024 T3-2cQ4R2.png,290.0,313
2024 T3-2cQ4R3.png,290.0,361
2024 T3-2cQ4R4.png,290.0,134
2024 T3-3cQ1R1.png,290.0,92
2024 T3-3cQ1R2.png,290.0,112
2024 T3-3cQ1R3.png,290.0,200
2024 T3-3cQ1R4.png,290.0,106
2024 T3-3cQ3R1.png,290.0,258
2024 T3-3cQ3R2.png,290.0,396
2024 T3-3cQ3R3.png,290.0,257
2024 T3-3cQ3R4.png,290.0,293
2024 T6-1cQ4R1.png,345.0,169
2024 T6-1cQ4R2.png,345.0,237
2024 T6-1cQ4R3.png,345.0,279
2024 T6-1cQ4R4.png,345.0,302
2024 T6-3cQ2R1.png,345.0,550
2024 T6-3cQ2R2.png,345.0,533
2024 T6-3cQ2R3.png,345.0,692
2024 T6-3cQ2R4.png,345.0,769
2024 T6-3cQ4R1.png,345.0,404
2024 T6-3cQ4R2.png,345.0,541
2024 T6-3cQ4R3.png,345.0,314
2024 T6-3cQ4R4.png,345.0,380
2024 T851-1cQ3R1.png,400.0,322
2024 T851-1cQ3R2.png,400.0,251
2024 T851-1cQ3R3.png,400.0,195
2024 T851-1cQ3R4.png,400.0,230
2219 T6-1cQ2R1.png,250.0,357
2219 T6-1cQ2R2.png,250.0,369
2219 T6-1cQ2R3.png,250.0,691
2219 T6-1cQ2R4.png,250.0,349
2219 T6-1cQ3R1.png,250.0,534
2219 T6-1cQ3R2.png,250.0,200
2219 T6-1cQ3R3.png,250.0,388
2219 T6-1cQ3R4.png,250.0,295
2618 T4-4cQ3R1.png,450.0,327
2618 T4-4cQ3R2.png,450.0,317
2618 T4-4cQ3R3.png,450.0,566
2618 T4-4cQ3R4.png,450.0,359
2618 T4-4cQ4R1.png,450.0,293
2618 T4-4cQ4R2.png,450.0,485
2618 T4-4cQ4R3.png,450.0,534
2618 T4-4cQ4R4.png,450.0,434
3003 Annealed-1cQ4R1.png,41.0,0
3003 Annealed-1cQ4R2.png,41.0,304
3003 Annealed-1cQ4R3.png,41.0,108
3003 Annealed-1cQ4R4.png,41.0,126
5086 H34-1cQ1R1.png,255.0,667
5086 H34-1cQ1R2.png,255.0,462
5086 H34-1cQ1R3.png,255.0,506
5086 H34-1cQ1R4.png,255.0,402
5457 Annealed-1cQ2R1.png,48.0,63
5457 Annealed-1cQ2R2.png,48.0,137
5457 Annealed-1cQ2R3.png,48.0,57
5457 Annealed-1cQ2R4.png,48.0,94
5457 Annealed-1cQ3R1.png,48.0,359
5457 Annealed-1cQ3R2.png,48.0,123
5457 Annealed-1cQ3R3.png,48.0,96
5457 Annealed-1cQ3R4.png,48.0,249
5457 Annealed-2cQ3R1.png,48.0,108
5457 Annealed-2cQ3R2.png,48.0,147
5457 Annealed-2cQ3R3.png,48.0,108
5457 Annealed-2cQ3R4.png,48.0,81
6061 T651-1cQ2R1.png,276.0,324
6061 T651-1cQ2R2.png,276.0,266
6061 T651-1cQ2R3.png,276.0,321
6061 T651-1cQ2R4.png,276.0,351
6061 T651-1cQ4R1.png,276.0,192
6061 T651-1cQ4R2.png,276.0,295
6061 T651-1cQ4R3.png,276.0,85
6061 T651-1cQ4R4.png,276.0,336
6151 T6-1cQ4R1.png,295.0,328
6151 T6-1cQ4R2.png,295.0,362
6151 T6-1cQ4R3.png,295.0,338
6151 T6-1cQ4R4.png,295.0,544
7075 Annealed-1cQ1R1.png,145.0,252
7075 Annealed-1cQ1R2.png,145.0,163
7075 Annealed-1cQ1R3.png,145.0,141
7075 Annealed-1cQ1R4.png,145.0,266
7075 Annealed-2cQ1R1.png,145.0,359
7075 Annealed-2cQ1R2.png,145.0,284
7075 Annealed-2cQ1R3.png,145.0,500
7075 Annealed-2cQ1R4.png,145.0,371
C85700-2cQ1R1.png,110.0,300
C85700-2cQ1R2.png,110.0,350
C85700-2cQ1R3.png,110.0,560
C85700-2cQ1R4.png,110.0,332
C85200-1cQ3R1.png,95.0,288
C85200-1cQ3R2.png,95.0,232
C85200-1cQ3R3.png,95.0,419
C85200-1cQ3R4.png,95.0,465
C85200-2cQ1R1.png,95.0,0
C85200-2cQ1R2.png,95.0,35
C85200-2cQ1R3.png,95.0,36
C85200-2cQ1R4.png,95.0,140
C85200-3cQ1R1.png,95.0,435
C85200-3cQ1R2.png,95.0,44
C85200-3cQ1R3.png,95.0,0
C85200-3cQ1R4.png,95.0,246
C85200-3cQ2R1.png,95.0,58
C85200-3cQ2R2.png,95.0,158
C85200-3cQ2R3.png,95.0,204
C85200-3cQ2R4.png,95.0,211
C86300-1cQ3R1.png,460.0,390
C86300-1cQ3R2.png,460.0,533
C86300-1cQ3R3.png,460.0,1095
C86300-1cQ3R4.png,460.0,590
C86300-5cQ3R1.png,460.0,459
C86300-5cQ3R2.png,460.0,283
C86300-5cQ3R3.png,460.0,440
C86300-5cQ3R4.png,460.0,418
C86300-6cQ1R1.png,460.0,556
C86300-6cQ1R2.png,460.0,599
C86300-6cQ1R3.png,460.0,458
C86300-6cQ1R4.png,460.0,553
C86300-7cQ1R1.png,460.0,276
C86300-7cQ1R2.png,460.0,354
C86300-7cQ1R3.png,460.0,286
C86300-7cQ1R4.png,460.0,515
C86300-7cQ3R1.png,460.0,345
C86300-7cQ3R2.png,460.0,269
C86300-7cQ3R3.png,460.0,353
C86300-7cQ3R4.png,460.0,197
C86300-8cQ3R1.png,460.0,456
C86300-8cQ3R2.png,460.0,297
C86300-8cQ3R3.png,460.0,412
C86300-8cQ3R4.png,460.0,358
C35000-1cQ3R1.png,90.0,118
C35000-1cQ3R2.png,90.0,266
C35000-1cQ3R3.png,90.0,570
C35000-1cQ3R4.png,90.0,290
C35000-1cQ4R1.png,90.0,472
C35000-1cQ4R2.png,90.0,710
C35000-1cQ4R3.png,90.0,391
C35000-1cQ4R4.png,90.0,537
MetalTek C86300-1cQ1R1.png,415.0,555
MetalTek C86300-1cQ1R2.png,415.0,644
MetalTek C86300-1cQ1R3.png,415.0,521
MetalTek C86300-1cQ1R4.png,415.0,485
MetalTek C86300-1cQ4R1.png,415.0,489
MetalTek C86300-1cQ4R2.png,415.0,795
MetalTek C86300-1cQ4R3.png,415.0,524
MetalTek C86300-1cQ4R4.png,415.0,739
MetalTek C86300-2cQ1R1.png,415.0,402
MetalTek C86300-2cQ1R2.png,415.0,489
MetalTek C86300-2cQ1R3.png,415.0,315
MetalTek C86300-2cQ1R4.png,415.0,210
MetalTek C86300-2cQ2R1.png,415.0,410
MetalTek C86300-2cQ2R2.png,415.0,377
MetalTek C86300-2cQ2R3.png,415.0,463
MetalTek C86300-2cQ2R4.png,415.0,300
MetalTek C86300-2cQ4R1.png,415.0,204
MetalTek C86300-2cQ4R2.png,415.0,208
MetalTek C86300-2cQ4R3.png,415.0,240
MetalTek C86300-2cQ4R4.png,415.0,134
MetalTek C86300-3cQ2R1.png,415.0,355
MetalTek C86300-3cQ2R2.png,415.0,281
MetalTek C86300-3cQ2R3.png,415.0,312
MetalTek C86300-3cQ2R4.png,415.0,365
MetalTek C86300-4cQ2R1.png,415.0,637
MetalTek C86300-4cQ2R2.png,415.0,709
MetalTek C86300-4cQ2R3.png,415.0,710
MetalTek C86300-4cQ2R4.png,415.0,577
C61800-1cQ3R1.png,310.0,944
C61800-1cQ3R2.png,310.0,702
C61800-1cQ3R3.png,310.0,693
C61800-1cQ3R4.png,310.0,443
C61800-1cQ4R1.png,310.0,970
C61800-1cQ4R2.png,310.0,642
C61800-1cQ4R3.png,310.0,696
C61800-1cQ4R4.png,310.0,557
C61800-3cQ3R1.png,310.0,305
C61800-3cQ3R2.png,310.0,173
C61800-3cQ3R3.png,310.0,256
C61800-3cQ3R4.png,310.0,374
C61800-4cQ1R1.png,310.0,373
C61800-4cQ1R2.png,310.0,342
C61800-4cQ1R3.png,310.0,257
C61800-4cQ1R4.png,310.0,354
C61800-4cQ3R1.png,310.0,662
C61800-4cQ3R2.png,310.0,383
C61800-4cQ3R3.png,310.0,300
C61800-4cQ3R4.png,310.0,153
C61800-5cQ4R1.png,310.0,763
C61800-5cQ4R2.png,310.0,637
C61800-5cQ4R3.png,310.0,722
C61800-5cQ4R4.png,310.0,1128
C90700-1cQ3R1.png,150.0,627
C90700-1cQ3R2.png,150.0,356
C90700-1cQ3R3.png,150.0,254
C90700-1cQ3R4.png,150.0,68
C90700-2cQ1R1.png,150.0,135
C90700-2cQ1R2.png,150.0,214
C90700-2cQ1R3.png,150.0,56
C90700-2cQ1R4.png,150.0,216
C93200-1cQ2R1.png,130.0,365
C93200-1cQ2R2.png,130.0,461
C93200-1cQ2R3.png,130.0,264
C93200-1cQ2R4.png,130.0,374
C93200-2cQ3R1.png,130.0,144
C93200-2cQ3R2.png,130.0,184
C93200-2cQ3R3.png,130.0,199
C93200-2cQ3R4.png,130.0,191
C93700-1cQ1R1.png,115.0,129
C93700-1cQ1R2.png,115.0,79
C93700-1cQ1R3.png,115.0,59
C93700-1cQ1R4.png,115.0,139
C93700-1cQ3R1.png,115.0,78
C93700-1cQ3R2.png,115.0,226
C93700-1cQ3R3.png,115.0,232
C93700-1cQ3R4.png,115.0,208
C93700-2cQ1R1.png,115.0,240
C93700-2cQ1R2.png,115.0,228
C93700-2cQ1R3.png,115.0,308
C93700-2cQ1R4.png,115.0,290
C93700-2cQ2R1.png,115.0,239
C93700-2cQ2R2.png,115.0,65
C93700-2cQ2R3.png,115.0,168
C93700-2cQ2R4.png,115.0,286
C93700-2cQ3R1.png,115.0,204
C93700-2cQ3R2.png,115.0,172
C93700-2cQ3R3.png,115.0,149
C93700-2cQ3R4.png,115.0,256
C93700-4cQ1R1.png,115.0,112
C93700-4cQ1R2.png,115.0,176
C93700-4cQ1R3.png,115.0,71
C93700-4cQ1R4.png,115.0,275
C95400 as Cast-1cQ3R1.png,240.0,369
C95400 as Cast-1cQ3R2.png,240.0,268
C95400 as Cast-1cQ3R3.png,240.0,308
C95400 as Cast-1cQ3R4.png,240.0,238
C83600-2cQ2R1.png,95.0,242
C83600-2cQ2R2.png,95.0,142
C83600-2cQ2R3.png,95.0,107
C83600-2cQ2R4.png,95.0,333
C90300-2cQ1R1.png,125.0,116
C90300-2cQ1R2.png,125.0,43
C90300-2cQ1R3.png,125.0,68
C90300-2cQ1R4.png,125.0,212
C90300-4cQ4R1.png,125.0,37
C90300-4cQ4R2.png,125.0,44
C90300-4cQ4R3.png,125.0,0
C90300-4cQ4R4.png,125.0,33
C97600-4cQ2R1.png,140.0,211
C97600-4cQ2R2.png,140.0,142
C97600-4cQ2R3.png,140.0,239
C97600-4cQ2R4.png,140.0,148
C97600-4cQ3R1.png,140.0,26
C97600-4cQ3R2.png,140.0,294
C97600-4cQ3R3.png,140.0,296
C97600-4cQ3R4.png,140.0,192
C97600-6cQ3R1.png,140.0,40
C97600-6cQ3R2.png,140.0,243
C97600-6cQ3R3.png,140.0,204
C97600-6cQ3R4.png,140.0,172
C17510 A-1cQ4R1.png,120.0,614
C17510 A-1cQ4R2.png,120.0,320
C17510 A-1cQ4R3.png,120.0,206
C17510 A-1cQ4R4.png,120.0,229
C17510 AT-1cQ1R1.png,630.0,686
C17510 AT-1cQ1R2.png,630.0,333
C17510 AT-1cQ1R3.png,630.0,372
C17510 AT-1cQ1R4.png,630.0,342
C26000 A-1cQ3R1.png,140.0,0
C26000 A-1cQ3R2.png,140.0,174
C26000 A-1cQ3R3.png,140.0,0
C26000 A-1cQ3R4.png,140.0,432
C26000 A-2cQ4R1.png,140.0,188
C26000 A-2cQ4R2.png,140.0,76
C26000 A-2cQ4R3.png,140.0,246
C26000 A-2cQ4R4.png,140.0,89
C26000 A-3cQ1R1.png,140.0,350
C26000 A-3cQ1R2.png,140.0,266
C26000 A-3cQ1R3.png,140.0,235
C26000 A-3cQ1R4.png,140.0,263
C26000 A-3cQ3R1.png,140.0,387
C26000 A-3cQ3R2.png,140.0,200
C26000 A-3cQ3R3.png,140.0,159
C26000 A-3cQ3R4.png,140.0,227
C26000 A-5cQ1R1.png,140.0,113
C26000 A-5cQ1R2.png,140.0,24
C26000 A-5cQ1R3.png,140.0,153
C26000 A-5cQ1R4.png,140.0,88
C26000 A-8cQ4R1.png,140.0,255
C26000 A-8cQ4R2.png,140.0,406
C26000 A-8cQ4R3.png,140.0,215
C26000 A-8cQ4R4.png,140.0,232
C26000 A-9cQ2R1.png,140.0,180
C26000 A-9cQ2R2.png,140.0,0
C26000 A-9cQ2R3.png,140.0,161
C26000 A-9cQ2R4.png,140.0,69
C26000 A-10cQ3R1.png,140.0,287
C26000 A-10cQ3R2.png,140.0,95
C26000 A-10cQ3R3.png,140.0,342
C26000 A-10cQ3R4.png,140.0,52
C26000 A-10cQ4R1.png,140.0,388
C26000 A-10cQ4R2.png,140.0,170
C26000 A-10cQ4R3.png,140.0,296
C26000 A-10cQ4R4.png,140.0,284
C28000 M20-1cQ2R1.png,150.0,74
C28000 M20-1cQ2R2.png,150.0,212
C28000 M20-1cQ2R3.png,150.0,128
C28000 M20-1cQ2R4.png,150.0,107
C61300 M20-1cQ2R1.png,240.0,454
C61300 M20-1cQ2R2.png,240.0,198
C61300 M20-1cQ2R3.png,240.0,351
C61300 M20-1cQ2R4.png,240.0,234
C63200 TQ50-2cQ1R1.png,350.0,419
C63200 TQ50-2cQ1R2.png,350.0,314
C63200 TQ50-2cQ1R3.png,350.0,476
C63200 TQ50-2cQ1R4.png,350.0,506
C63200 TQ50-2cQ2R1.png,350.0,192
C63200 TQ50-2cQ2R2.png,350.0,239
C63200 TQ50-2cQ2R3.png,350.0,244
C63200 TQ50-2cQ2R4.png,350.0,250
C10200 A-1cQ1R1.png,90.0,0
C10200 A-1cQ1R2.png,90.0,184
C10200 A-1cQ1R3.png,90.0,1
C10200 A-1cQ1R4.png,90.0,264
C11000 A-1cQ2R1.png,69.0,113
C11000 A-1cQ2R2.png,69.0,0
C11000 A-1cQ2R3.png,69.0,103
C11000 A-1cQ2R4.png,69.0,113
C11000 A-1cQ4R1.png,69.0,234
C11000 A-1cQ4R2.png,69.0,194
C11000 A-1cQ4R3.png,69.0,221
C11000 A-1cQ4R4.png,69.0,215
C11000 A-2cQ1R1.png,69.0,18
C11000 A-2cQ1R2.png,69.0,0
C11000 A-2cQ1R3.png,69.0,195
C11000 A-2cQ1R4.png,69.0,0
C11000 M20-1cQ1R1.png,77.0,98
C11000 M20-1cQ1R2.png,77.0,201
C11000 M20-1cQ1R3.png,77.0,226
C11000 M20-1cQ1R4.png,77.0,415
C11000 M20-1cQ4R1.png,77.0,349
C11000 M20-1cQ4R2.png,77.0,137
C11000 M20-1cQ4R3.png,77.0,321
C11000 M20-1cQ4R4.png,77.0,293
C11000 M20-2cQ3R1.png,77.0,196
C11000 M20-2cQ3R2.png,77.0,178
C11000 M20-2cQ3R3.png,77.0,115
C11000 M20-2cQ3R4.png,77.0,216
C11000 M20-2cQ4R1.png,77.0,147
C11000 M20-2cQ4R2.png,77.0,245
C11000 M20-2cQ4R3.png,77.0,57
C11000 M20-2cQ4R4.png,77.0,193
C11000 M20-6cQ3R1.png,77.0,215
C11000 M20-6cQ3R2.png,77.0,55
C11000 M20-6cQ3R3.png,77.0,71
C11000 M20-6cQ3R4.png,77.0,0
C12500 M20-1cQ1R1.png,75.0,169
C12500 M20-1cQ1R2.png,75.0,277
C12500 M20-1cQ1R3.png,75.0,319
C12500 M20-1cQ1R4.png,75.0,320
AZ63A T4-1cQ4R1.png,85.0,65
AZ63A T4-1cQ4R2.png,85.0,18
AZ63A T4-1cQ4R3.png,85.0,31
AZ63A T4-1cQ4R4.png,85.0,39
AZ63A T4-2cQ3R1.png,85.0,218
AZ63A T4-2cQ3R2.png,85.0,260
AZ63A T4-2cQ3R3.png,85.0,327
AZ63A T4-2cQ3R4.png,85.0,403
AZ91A F-1cQ2R1.png,160.0,325
AZ91A F-1cQ2R2.png,160.0,451
AZ91A F-1cQ2R3.png,160.0,169
AZ91A F-1cQ2R4.png,160.0,230
AZ91C F-1cQ1R1.png,83.0,126
AZ91C F-1cQ1R2.png,83.0,136
AZ91C F-1cQ1R3.png,83.0,28
AZ91C F-1cQ1R4.png,83.0,152
AZ91C F-1cQ3R1.png,83.0,124
AZ91C F-1cQ3R2.png,83.0,157
AZ91C F-1cQ3R3.png,83.0,141
AZ91C F-1cQ3R4.png,83.0,56
AZ91C F-1cQ4R1.png,83.0,100
AZ91C F-1cQ4R2.png,83.0,53
AZ91C F-1cQ4R3.png,83.0,73
AZ91C F-1cQ4R4.png,83.0,231
AZ91C T6-1cQ2R1.png,130.0,449
AZ91C T6-1cQ2R2.png,130.0,621
AZ91C T6-1cQ2R3.png,130.0,232
AZ91C T6-1cQ2R4.png,130.0,378
AZ92A T6-2cQ4R1.png,140.0,0
AZ92A T6-2cQ4R2.png,140.0,159
AZ92A T6-2cQ4R3.png,140.0,0
AZ92A T6-2cQ4R4.png,140.0,295
EZ33A T5-1cQ3R1.png,100.0,0
EZ33A T5-1cQ3R2.png,100.0,13
EZ33A T5-1cQ3R3.png,100.0,0
EZ33A T5-1cQ3R4.png,100.0,210
HZ32A T5-1cQ3R1.png,90.0,41
HZ32A T5-1cQ3R2.png,90.0,199
HZ32A T5-1cQ3R3.png,90.0,185
HZ32A T5-1cQ3R4.png,90.0,100
QE22A T6-2cQ1R1.png,190.0,253
QE22A T6-2cQ1R2.png,190.0,310
QE22A T6-2cQ1R3.png,190.0,150
QE22A T6-2cQ1R4.png,190.0,583
QE22A T6-2cQ4R1.png,190.0,454
QE22A T6-2cQ4R2.png,190.0,392
QE22A T6-2cQ4R3.png,190.0,487
QE22A T6-2cQ4R4.png,190.0,462
ZH62A T5-1cQ3R1.png,170.0,233
ZH62A T5-1cQ3R2.png,170.0,298
ZH62A T5-1cQ3R3.png,170.0,231
ZH62A T5-1cQ3R4.png,170.0,163
AZ80A T5-1cQ2R1.png,230.0,315
AZ80A T5-1cQ2R2.png,230.0,400
AZ80A T5-1cQ2R3.png,230.0,404
AZ80A T5-1cQ2R4.png,230.0,410
HM21A T8-1cQ1R1.png,170.0,496
HM21A T8-1cQ1R2.png,170.0,462
HM21A T8-1cQ1R3.png,170.0,735
HM21A T8-1cQ1R4.png,170.0,693
ZK60A T5-1cQ1R1.png,230.0,271
ZK60A T5-1cQ1R2.png,230.0,336
ZK60A T5-1cQ1R3.png,230.0,460
ZK60A T5-1cQ1R4.png,230.0,130
ZK60A F-1cQ1R1.png,230.0,296
ZK60A F-1cQ1R2.png,230.0,719
ZK60A F-1cQ1R3.png,230.0,829
ZK60A F-1cQ1R4.png,230.0,560
ZK60A T5 Forged-1cQ2R1.png,215.0,104
ZK60A T5 Forged-1cQ2R2.png,215.0,116
ZK60A T5 Forged-1cQ2R3.png,215.0,411
ZK60A T5 Forged-1cQ2R4.png,215.0,173
Elgiloy ColdW-1cQ1R1.png,1310.0,1152
Elgiloy ColdW-1cQ1R2.png,1310.0,799
Elgiloy ColdW-1cQ1R3.png,1310.0,845
Elgiloy ColdW-1cQ1R4.png,1310.0,809
Elgiloy ColdW-1cQ4R1.png,1310.0,732
Elgiloy ColdW-1cQ4R2.png,1310.0,1044
Elgiloy ColdW-1cQ4R3.png,1310.0,768
Elgiloy ColdW-1cQ4R4.png,1310.0,512
Elgiloy A-1cQ2R1.png,510.0,368
Elgiloy A-1cQ2R2.png,510.0,334
Elgiloy A-1cQ2R3.png,510.0,190
Elgiloy A-1cQ2R4.png,510.0,460
718 ColdWA-1cQ1R1.png,1455.0,1144
718 ColdWA-1cQ1R2.png,1455.0,823
718 ColdWA-1cQ1R3.png,1455.0,886
718 ColdWA-1cQ1R4.png,1455.0,1104
718 HTA-2cQ3R1.png,1000.0,863
718 HTA-2cQ3R2.png,1000.0,1132
718 HTA-2cQ3R3.png,1000.0,1275
718 HTA-2cQ3R4.png,1000.0,815
718 HTA-5cQ1R1.png,1000.0,354
718 HTA-5cQ1R2.png,1000.0,589
718 HTA-5cQ1R3.png,1000.0,341
718 HTA-5cQ1R4.png,1000.0,339
718 HTA-5cQ3R1.png,1000.0,303
718 HTA-5cQ3R2.png,1000.0,397
718 HTA-5cQ3R3.png,1000.0,188
718 HTA-5cQ3R4.png,1000.0,339
718 HTA-5cQ4R1.png,1000.0,284
718 HTA-5cQ4R2.png,1000.0,430
718 HTA-5cQ4R3.png,1000.0,427
718 HTA-5cQ4R4.png,1000.0,456
N07750 HTA-1cQ1R1.png,655.0,487
N07750 HTA-1cQ1R2.png,655.0,474
N07750 HTA-1cQ1R3.png,655.0,641
N07750 HTA-1cQ1R4.png,655.0,480
N07750 HTA-2cQ2R1.png,655.0,1071
N07750 HTA-2cQ2R2.png,655.0,849
N07750 HTA-2cQ2R3.png,655.0,1217
N07750 HTA-2cQ2R4.png,655.0,827
N07750 HTA-2cQ3R1.png,655.0,765
N07750 HTA-2cQ3R2.png,655.0,729
N07750 HTA-2cQ3R3.png,655.0,685
N07750 HTA-2cQ3R4.png,655.0,613
N07001 HTA-1cQ4R1.png,897.0,820
N07001 HTA-1cQ4R2.png,897.0,632
N07001 HTA-1cQ4R3.png,897.0,859
N07001 HTA-1cQ4R4.png,897.0,717
N07001 HTA-3cQ3R1.png,897.0,511
N07001 HTA-3cQ3R2.png,897.0,568
N07001 HTA-3cQ3R3.png,897.0,764
N07001 HTA-3cQ3R4.png,897.0,612
N07001 HTA-5cQ4R1.png,897.0,611
N07001 HTA-5cQ4R2.png,897.0,508
N07001 HTA-5cQ4R3.png,897.0,486
N07001 HTA-5cQ4R4.png,897.0,651
R56320 CWSR-1cQ3R1.png,724.0,883
R56320 CWSR-1cQ3R2.png,724.0,935
R56320 CWSR-1cQ3R3.png,724.0,708
R56320 CWSR-1cQ3R4.png,724.0,554
R56210 Hrolled-1cQ4R1.png,760.0,915
R56210 Hrolled-1cQ4R2.png,760.0,751
R56210 Hrolled-1cQ4R3.png,760.0,674
R56210 Hrolled-1cQ4R4.png,760.0,885
R54620 HT-1cQ1R1.png,895.0,770
R54620 HT-1cQ1R2.png,895.0,762
R54620 HT-1cQ1R3.png,895.0,803
R54620 HT-1cQ1R4.png,895.0,920
R54620-4cQ3R1.png,910.0,545
R54620-4cQ3R2.png,910.0,593
R54620-4cQ3R3.png,910.0,978
R54620-4cQ3R4.png,910.0,783
R54620-5cQ1R1.png,910.0,1103
R54620-5cQ1R2.png,910.0,1037
R54620-5cQ1R3.png,910.0,363
R54620-5cQ1R4.png,910.0,502
R54620-6cQ1R1.png,910.0,801
R54620-6cQ1R2.png,910.0,933
R54620-6cQ1R3.png,910.0,795
R54620-6cQ1R4.png,910.0,754
R54810 HT-1cQ1R1.png,1070.0,1037
R54810 HT-1cQ1R2.png,1070.0,651
R54810 HT-1cQ1R3.png,1070.0,1066
R54810 HT-1cQ1R4.png,1070.0,726
R54810 HT-4cQ2R1.png,1070.0,546
R54810 HT-4cQ2R2.png,1070.0,1086
R54810 HT-4cQ2R3.png,1070.0,677
R54810 HT-4cQ2R4.png,1070.0,866
R56400 A-1cQ4R1.png,830.0,585
R56400 A-1cQ4R2.png,830.0,585
R56400 A-1cQ4R3.png,830.0,760
R56400 A-1cQ4R4.png,830.0,841
R56400 A-2cQ1R1.png,830.0,1016
R56400 A-2cQ1R2.png,830.0,1384
R56400 A-2cQ1R3.png,830.0,880
R56400 A-2cQ1R4.png,830.0,854
R56400 A-2cQ2R1.png,830.0,730
R56400 A-2cQ2R2.png,830.0,823
R56400 A-2cQ2R3.png,830.0,894
R56400 A-2cQ2R4.png,830.0,791
R56400 A2-1cQ4R1.png,900.0,1199
R56400 A2-1cQ4R2.png,900.0,1173
R56400 A2-1cQ4R3.png,900.0,587
R56400 A2-1cQ4R4.png,900.0,1240
R56400 A2-2cQ1R1.png,900.0,652
R56400 A2-2cQ1R2.png,900.0,724
R56400 A2-2cQ1R3.png,900.0,865
R56400 A2-2cQ1R4.png,900.0,847
R56400 A2-2cQ2R1.png,900.0,558
R56400 A2-2cQ2R2.png,900.0,373
R56400 A2-2cQ2R3.png,900.0,566
R56400 A2-2cQ2R4.png,900.0,782
R56400 Plate A-1cQ2R1.png,828.0,954
R56400 Plate A-1cQ2R2.png,828.0,674
R56400 Plate A-1cQ2R3.png,828.0,862
R56400 Plate A-1cQ2R4.png,828.0,558
R56400 Plate A-1cQ3R1.png,828.0,1256
R56400 Plate A-1cQ3R2.png,828.0,599
R56400 Plate A-1cQ3R3.png,828.0,1292
R56400 Plate A-1cQ3R4.png,828.0,365
R56400 Plate A-2cQ3R1.png,828.0,1266
R56400 Plate A-2cQ3R2.png,828.0,1393
R56400 Plate A-2cQ3R3.png,828.0,986
R56400 Plate A-2cQ3R4.png,828.0,794
R56400 Plate A-3cQ1R1.png,828.0,529
R56400 Plate A-3cQ1R2.png,828.0,616
R56400 Plate A-3cQ1R3.png,828.0,536
R56400 Plate A-3cQ1R4.png,828.0,621
Ti-10-2-3 Sample 3-1cQ1R1.png,1191.0,1060
Ti-10-2-3 Sample 3-1cQ1R2.png,1191.0,1171
Ti-10-2-3 Sample 3-1cQ1R3.png,1191.0,1094
Ti-10-2-3 Sample 3-1cQ1R4.png,1191.0,1244
Ti-10-2-3 Sample 3-1cQ2R1.png,1191.0,1157
Ti-10-2-3 Sample 3-1cQ2R2.png,1191.0,1403
Ti-10-2-3 Sample 3-1cQ2R3.png,1191.0,962
Ti-10-2-3 Sample 3-1cQ2R4.png,1191.0,1314
Ti-10-2-3 Sample 3-1cQ3R1.png,1191.0,946
Ti-10-2-3 Sample 3-1cQ3R2.png,1191.0,790
Ti-10-2-3 Sample 3-1cQ3R3.png,1191.0,1041
Ti-10-2-3 Sample 3-1cQ3R4.png,1191.0,827
Ti Grade 7 (CP) A-1cQ2R1.png,340.0,16
Ti Grade 7 (CP) A-1cQ2R2.png,340.0,263
Ti Grade 7 (CP) A-1cQ2R3.png,340.0,399
Ti Grade 7 (CP) A-1cQ2R4.png,340.0,360
Ti Grade 7 (CP) A-1cQ3R1.png,340.0,458
Ti Grade 7 (CP) A-1cQ3R2.png,340.0,455
Ti Grade 7 (CP) A-1cQ3R3.png,340.0,438
Ti Grade 7 (CP) A-1cQ3R4.png,340.0,229
Ti Grade 7 (CP) A-3cQ4R1.png,340.0,0
Ti Grade 7 (CP) A-3cQ4R2.png,340.0,217
Ti Grade 7 (CP) A-3cQ4R3.png,340.0,169
Ti Grade 7 (CP) A-3cQ4R4.png,340.0,336
R50400 A-1cQ4R1.png,340.0,458
R50400 A-1cQ4R2.png,340.0,248
R50400 A-1cQ4R3.png,340.0,501
R50400 A-1cQ4R4.png,340.0,323
R50700 A-1cQ1R1.png,590.0,278
R50700 A-1cQ1R2.png,590.0,382
R50700 A-1cQ1R3.png,590.0,421
R50700 A-1cQ1R4.png,590.0,435
R50700 A-1cQ3R1.png,590.0,526
R50700 A-1cQ3R2.png,590.0,484
R50700 A-1cQ3R3.png,590.0,495
R50700 A-1cQ3R4.png,590.0,468
R50700 A-2cQ3R1.png,590.0,541
R50700 A-2cQ3R2.png,590.0,476
R50700 A-2cQ3R3.png,590.0,534
R50700 A-2cQ3R4.png,590.0,450
R50700 A-3cQ3R1.png,590.0,497
R50700 A-3cQ3R2.png,590.0,524
R50700 A-3cQ3R3.png,590.0,818
R50700 A-3cQ3R4.png,590.0,594
R50700 A-4cQ3R1.png,590.0,527
R50700 A-4cQ3R2.png,590.0,379
R50700 A-4cQ3R3.png,590.0,473
R50700 A-4cQ3R4.png,590.0,310
R50700 A-4cQ4R1.png,590.0,659
R50700 A-4cQ4R2.png,590.0,609
R50700 A-4cQ4R3.png,590.0,385
R50700 A-4cQ4R4.png,590.0,499
F33100 As Cast-1cQ2R1.png,310.0,297
F33100 As Cast-1cQ2R2.png,310.0,279
F33100 As Cast-1cQ2R3.png,310.0,207
F33100 As Cast-1cQ2R4.png,310.0,315
F33800 As Cast-1cQ3R1.png,410.0,433
F33800 As Cast-1cQ3R2.png,410.0,225
F33800 As Cast-1cQ3R3.png,410.0,433
F33800 As Cast-1cQ3R4.png,410.0,352
F33800 As Cast-1cQ4R1.png,410.0,211
F33800 As Cast-1cQ4R2.png,410.0,167
F33800 As Cast-1cQ4R3.png,410.0,120
F33800 As Cast-1cQ4R4.png,410.0,117
F33800 As Cast-2cQ1R1.png,410.0,232
F33800 As Cast-2cQ1R2.png,410.0,245
F33800 As Cast-2cQ1R3.png,410.0,268
F33800 As Cast-2cQ1R4.png,410.0,314
ASTM 897M 1400-1100-01 As Cast-1cQ3R1.png,1240.0,819
ASTM 897M 1400-1100-01 As Cast-1cQ3R2.png,1240.0,884
ASTM 897M 1400-1100-01 As Cast-1cQ3R3.png,1240.0,820
ASTM 897M 1400-1100-01 As Cast-1cQ3R4.png,1240.0,619
G3000 As Cast-1cQ3R1.png,150.0,478
G3000 As Cast-1cQ3R2.png,150.0,347
G3000 As Cast-1cQ3R3.png,150.0,259
G3000 As Cast-1cQ3R4.png,150.0,268
G3000 As Cast-1cQ4R1.png,150.0,557
G3000 As Cast-1cQ4R2.png,150.0,299
G3000 As Cast-1cQ4R3.png,150.0,329
G3000 As Cast-1cQ4R4.png,150.0,164
G3000 As Cast-2cQ1R1.png,150.0,145
G3000 As Cast-2cQ1R2.png,150.0,240
G3000 As Cast-2cQ1R3.png,150.0,85
G3000 As Cast-2cQ1R4.png,150.0,81
Class 30 As Cast-6cQ2R1.png,130.0,198
Class 30 As Cast-6cQ2R2.png,130.0,284
Class 30 As Cast-6cQ2R3.png,130.0,221
Class 30 As Cast-6cQ2R4.png,130.0,151
Class 30 As Cast-6cQ3R1.png,130.0,205
Class 30 As Cast-6cQ3R2.png,130.0,295
Class 30 As Cast-6cQ3R3.png,130.0,162
Class 30 As Cast-6cQ3R4.png,130.0,244
Class 30 As Cast-7cQ2R1.png,130.0,346
Class 30 As Cast-7cQ2R2.png,130.0,202
Class 30 As Cast-7cQ2R3.png,130.0,225
Class 30 As Cast-7cQ2R4.png,130.0,204
Discaloy STA-2cQ3R1.png,730.0,636
Discaloy STA-2cQ3R2.png,730.0,737
Discaloy STA-2cQ3R3.png,730.0,594
Discaloy STA-2cQ3R4.png,730.0,743
N08800 A-1cQ4R1.png,210.0,0
N08800 A-1cQ4R2.png,210.0,42
N08800 A-1cQ4R3.png,210.0,35
N08800 A-1cQ4R4.png,210.0,82
R30155 STQ-1cQ1R1.png,384.0,543
R30155 STQ-1cQ1R2.png,384.0,467
R30155 STQ-1cQ1R3.png,384.0,481
R30155 STQ-1cQ1R4.png,384.0,420
4130 Normalized-1cQ4R1.png,435.0,288
4130 Normalized-1cQ4R2.png,435.0,418
4130 Normalized-1cQ4R3.png,435.0,225
4130 Normalized-1cQ4R4.png,435.0,227
4130 A Furnace Cooled-1cQ4R1.png,460.0,522
4130 A Furnace Cooled-1cQ4R2.png,460.0,334
4130 A Furnace Cooled-1cQ4R3.png,460.0,369
4130 A Furnace Cooled-1cQ4R4.png,460.0,530
4140 Normalized-1cQ3R1.png,635.0,364
4140 Normalized-1cQ3R2.png,635.0,752
4140 Normalized-1cQ3R3.png,635.0,402
4140 Normalized-1cQ3R4.png,635.0,329
4140 A Furnace Cooled-1cQ1R1.png,415.0,612
4140 A Furnace Cooled-1cQ1R2.png,415.0,489
4140 A Furnace Cooled-1cQ1R3.png,415.0,729
4140 A Furnace Cooled-1cQ1R4.png,415.0,563
4140 A Furnace Cooled-1cQ4R1.png,415.0,373
4140 A Furnace Cooled-1cQ4R2.png,415.0,419
4140 A Furnace Cooled-1cQ4R3.png,415.0,373
4140 A Furnace Cooled-1cQ4R4.png,415.0,406
4140 HTQT595-1cQ1R1.png,1025.0,785
4140 HTQT595-1cQ1R2.png,1025.0,480
4140 HTQT595-1cQ1R3.png,1025.0,605
4140 HTQT595-1cQ1R4.png,1025.0,474
4140 HTQT595-1cQ3R1.png,1025.0,712
4140 HTQT595-1cQ3R2.png,1025.0,818
4140 HTQT595-1cQ3R3.png,1025.0,915
4140 HTQT595-1cQ3R4.png,1025.0,695
4140 HTQT620-1cQ3R1.png,889.0,482
4140 HTQT620-1cQ3R2.png,889.0,554
4140 HTQT620-1cQ3R3.png,889.0,848
4140 HTQT620-1cQ3R4.png,889.0,871
ASTM A 542 class 2 QT-1cQ3R1.png,690.0,522
ASTM A 542 class 2 QT-1cQ3R2.png,690.0,592
ASTM A 542 class 2 QT-1cQ3R3.png,690.0,543
ASTM A 542 class 2 QT-1cQ3R4.png,690.0,567
ASTM A562 A-2cQ2R1.png,205.0,638
ASTM A562 A-2cQ2R2.png,205.0,575
ASTM A562 A-2cQ2R3.png,205.0,534
ASTM A562 A-2cQ2R4.png,205.0,637
8617 A-1cQ4R1.png,320.0,314
8617 A-1cQ4R2.png,320.0,122
8617 A-1cQ4R3.png,320.0,135
8617 A-1cQ4R4.png,320.0,98
8620 Normalized-1cQ1R1.png,360.0,735
8620 Normalized-1cQ1R2.png,360.0,609
8620 Normalized-1cQ1R3.png,360.0,1052
8620 Normalized-1cQ1R4.png,360.0,629
8620 Normalized-1cQ3R1.png,360.0,454
8620 Normalized-1cQ3R2.png,360.0,213
8620 Normalized-1cQ3R3.png,360.0,562
8620 Normalized-1cQ3R4.png,360.0,465
8740 Annealed-1cQ2R1.png,380.0,630
8740 Annealed-1cQ2R2.png,380.0,618
8740 Annealed-1cQ2R3.png,380.0,300
8740 Annealed-1cQ2R4.png,380.0,565
8740 Tempered-1cQ1R1.png,1060.0,645
8740 Tempered-1cQ1R2.png,1060.0,691
8740 Tempered-1cQ1R3.png,1060.0,707
8740 Tempered-1cQ1R4.png,1060.0,833
8740 Tempered-1cQ2R1.png,1060.0,870
8740 Tempered-1cQ2R2.png,1060.0,582
8740 Tempered-1cQ2R3.png,1060.0,588
8740 Tempered-1cQ2R4.png,1060.0,641
8740 Tempered-1cQ3R1.png,1060.0,598
8740 Tempered-1cQ3R2.png,1060.0,553
8740 Tempered-1cQ3R3.png,1060.0,474
8740 Tempered-1cQ3R4.png,1060.0,350
8740 Tempered-1cQ4R1.png,1060.0,707
8740 Tempered-1cQ4R2.png,1060.0,1092
8740 Tempered-1cQ4R3.png,1060.0,1137
8740 Tempered-1cQ4R4.png,1060.0,775
9310 Normalized-1cQ1R1.png,570.0,610
9310 Normalized-1cQ1R2.png,570.0,546
9310 Normalized-1cQ1R3.png,570.0,715
9310 Normalized-1cQ1R4.png,570.0,1026
1015 Normalized-1cQ1R1.png,325.0,308
1015 Normalized-1cQ1R2.png,325.0,12
1015 Normalized-1cQ1R3.png,325.0,22
1015 Normalized-1cQ1R4.png,325.0,298
1020 Hot Rolled-1cQ4R1.png,205.0,243
1020 Hot Rolled-1cQ4R2.png,205.0,234
1020 Hot Rolled-1cQ4R3.png,205.0,119
1020 Hot Rolled-1cQ4R4.png,205.0,109
1050 QT480-1cQ3R1.png,580.0,767
1050 QT480-1cQ3R2.png,580.0,665
1050 QT480-1cQ3R3.png,580.0,598
1050 QT480-1cQ3R4.png,580.0,606
1050 QT480-2cQ2R1.png,580.0,470
1050 QT480-2cQ2R2.png,580.0,730
1050 QT480-2cQ2R3.png,580.0,472
1050 QT480-2cQ2R4.png,580.0,591
1050 QT595-1cQ2R1.png,543.0,506
1050 QT595-1cQ2R2.png,543.0,782
1050 QT595-1cQ2R3.png,543.0,555
1050 QT595-1cQ2R4.png,543.0,862
1050 QT595-2cQ4R1.png,543.0,331
1050 QT595-2cQ4R2.png,543.0,364
1050 QT595-2cQ4R3.png,543.0,336
1050 QT595-2cQ4R4.png,543.0,333
1060 Hot Rolled-2cQ4R1.png,400.0,561
1060 Hot Rolled-2cQ4R2.png,400.0,369
1060 Hot Rolled-2cQ4R3.png,400.0,322
1060 Hot Rolled-2cQ4R4.png,400.0,327
ASTM A515 Grade 70-1cQ3R1.png,265.0,575
ASTM A515 Grade 70-1cQ3R2.png,265.0,252
ASTM A515 Grade 70-1cQ3R3.png,265.0,178
ASTM A515 Grade 70-1cQ3R4.png,265.0,276
1117 Normalized-1cQ3R1.png,305.0,103
1117 Normalized-1cQ3R2.png,305.0,185
1117 Normalized-1cQ3R3.png,305.0,141
1117 Normalized-1cQ3R4.png,305.0,161
1117 Normalized-1cQ4R1.png,305.0,218
1117 Normalized-1cQ4R2.png,305.0,198
1117 Normalized-1cQ4R3.png,305.0,320
1117 Normalized-1cQ4R4.png,305.0,286
AL-6XN-1cQ1R1.png,370.0,206
AL-6XN-1cQ1R2.png,370.0,318
AL-6XN-1cQ1R3.png,370.0,229
AL-6XN-1cQ1R4.png,370.0,222
AL-6XN-1cQ4R1.png,370.0,244
AL-6XN-1cQ4R2.png,370.0,235
AL-6XN-1cQ4R3.png,370.0,155
AL-6XN-1cQ4R4.png,370.0,284
CN-7M As Cast-2cQ2R1.png,275.0,420
CN-7M As Cast-2cQ2R2.png,275.0,576
CN-7M As Cast-2cQ2R3.png,275.0,543
CN-7M As Cast-2cQ2R4.png,275.0,378
CN-7M As Cast-2cQ4R1.png,275.0,358
CN-7M As Cast-2cQ4R2.png,275.0,431
CN-7M As Cast-2cQ4R3.png,275.0,318
CN-7M As Cast-2cQ4R4.png,275.0,297
CA-6NM As Cast-1cQ1R1.png,550.0,143
CA-6NM As Cast-1cQ1R2.png,550.0,331
CA-6NM As Cast-1cQ1R3.png,550.0,462
CA-6NM As Cast-1cQ1R4.png,550.0,335
CA6NM Tempered-1cQ3R1.png,690.0,776
CA6NM Tempered-1cQ3R2.png,690.0,718
CA6NM Tempered-1cQ3R3.png,690.0,660
CA6NM Tempered-1cQ3R4.png,690.0,547
CA6NM Tempered-2cQ2R1.png,690.0,752
CA6NM Tempered-2cQ2R2.png,690.0,516
CA6NM Tempered-2cQ2R3.png,690.0,438
CA6NM Tempered-2cQ2R4.png,690.0,587
CA6NM Tempered-3cQ2R1.png,690.0,613
CA6NM Tempered-3cQ2R2.png,690.0,540
CA6NM Tempered-3cQ2R3.png,690.0,584
CA6NM Tempered-3cQ2R4.png,690.0,522
CA15 As Cast-2cQ4R1.png,450.0,345
CA15 As Cast-2cQ4R2.png,450.0,561
CA15 As Cast-2cQ4R3.png,450.0,399
CA15 As Cast-2cQ4R4.png,450.0,576
CA15 Tempered at 1200F-1cQ3R1.png,690.0,377
CA15 Tempered at 1200F-1cQ3R2.png,690.0,613
CA15 Tempered at 1200F-1cQ3R3.png,690.0,635
CA15 Tempered at 1200F-1cQ3R4.png,690.0,450
CA15 Tempered at 1200F-2cQ3R1.png,690.0,647
CA15 Tempered at 1200F-2cQ3R2.png,690.0,571
CA15 Tempered at 1200F-2cQ3R3.png,690.0,679
CA15 Tempered at 1200F-2cQ3R4.png,690.0,699
CA15 Tempered at 1200F-5cQ3R1.png,690.0,351
CA15 Tempered at 1200F-5cQ3R2.png,690.0,332
CA15 Tempered at 1200F-5cQ3R3.png,690.0,350
CA15 Tempered at 1200F-5cQ3R4.png,690.0,284
CA15 Tempered at 1200F-5cQ4R1.png,690.0,642
CA15 Tempered at 1200F-5cQ4R2.png,690.0,607
CA15 Tempered at 1200F-5cQ4R3.png,690.0,507
CA15 Tempered at 1200F-5cQ4R4.png,690.0,736
17-4 PH HT-1cQ4R1.png,985.0,1042
17-4 PH HT-1cQ4R2.png,985.0,914
17-4 PH HT-1cQ4R3.png,985.0,548
17-4 PH HT-1cQ4R4.png,985.0,629
ASTM A517 Grade B QT-1cQ3R1.png,655.0,819
ASTM A517 Grade B QT-1cQ3R2.png,655.0,730
ASTM A517 Grade B QT-1cQ3R3.png,655.0,985
ASTM A517 Grade B QT-1cQ3R4.png,655.0,913
ASTM A517 Grade B QT-1cQ4R1.png,655.0,732
ASTM A517 Grade B QT-1cQ4R2.png,655.0,965
ASTM A517 Grade B QT-1cQ4R3.png,655.0,1008
ASTM A517 Grade B QT-1cQ4R4.png,655.0,656
ASTM A537 Grade A Normalized-1cQ2R1.png,330.0,163
ASTM A537 Grade A Normalized-1cQ2R2.png,330.0,484
ASTM A537 Grade A Normalized-1cQ2R3.png,330.0,541
ASTM A537 Grade A Normalized-1cQ2R4.png,330.0,262
ASTM A537 Grade A Normalized-2cQ2R1.png,330.0,302
ASTM A537 Grade A Normalized-2cQ2R2.png,330.0,303
ASTM A537 Grade A Normalized-2cQ2R3.png,330.0,323
ASTM A537 Grade A Normalized-2cQ2R4.png,330.0,327
ASTM A537 Grade A Normalized-3cQ4R1.png,330.0,516
ASTM A537 Grade A Normalized-3cQ4R2.png,330.0,232
ASTM A537 Grade A Normalized-3cQ4R3.png,330.0,252
ASTM A537 Grade A Normalized-3cQ4R4.png,330.0,150
ASTM A537 Grade B QT-3cQ2R1.png,415.0,350
ASTM A537 Grade B QT-3cQ2R2.png,415.0,389
ASTM A537 Grade B QT-3cQ2R3.png,415.0,266
ASTM A537 Grade B QT-3cQ2R4.png,415.0,303
ASTM A537 Grade B QT-3cQ3R1.png,415.0,353
ASTM A537 Grade B QT-3cQ3R2.png,415.0,227
ASTM A537 Grade B QT-3cQ3R3.png,415.0,310
ASTM A537 Grade B QT-3cQ3R4.png,415.0,539
ASTM A572 Grade 55-1cQ1R1.png,380.0,203
ASTM A572 Grade 55-1cQ1R2.png,380.0,403
ASTM A572 Grade 55-1cQ1R3.png,380.0,48
ASTM A572 Grade 55-1cQ1R4.png,380.0,520
ASTM A572 Grade 55-1cQ4R1.png,380.0,764
ASTM A572 Grade 55-1cQ4R2.png,380.0,477
ASTM A572 Grade 55-1cQ4R3.png,380.0,394
ASTM A572 Grade 55-1cQ4R4.png,380.0,886
ASTM A572 Grade 65-1cQ4R1.png,510.0,700
ASTM A572 Grade 65-1cQ4R2.png,510.0,485
ASTM A572 Grade 65-1cQ4R3.png,510.0,637
ASTM A572 Grade 65-1cQ4R4.png,510.0,487
TRIP 780 Cold Rolled-1cQ3R1.png,500.0,303
TRIP 780 Cold Rolled-1cQ3R2.png,500.0,210
TRIP 780 Cold Rolled-1cQ3R3.png,500.0,216
TRIP 780 Cold Rolled-1cQ3R4.png,500.0,330
301 Quarter Hard-1cQ4R1.png,590.0,1268
301 Quarter Hard-1cQ4R2.png,590.0,563
301 Quarter Hard-1cQ4R3.png,590.0,904
301 Quarter Hard-1cQ4R4.png,590.0,654
301 Full Hard-1cQ1R1.png,1080.0,718
301 Full Hard-1cQ1R2.png,1080.0,680
301 Full Hard-1cQ1R3.png,1080.0,1185
301 Full Hard-1cQ1R4.png,1080.0,670
301 Full Hard-1cQ3R1.png,1080.0,901
301 Full Hard-1cQ3R2.png,1080.0,842
301 Full Hard-1cQ3R3.png,1080.0,823
301 Full Hard-1cQ3R4.png,1080.0,833
301 Full Hard-1cQ4R1.png,1080.0,1056
301 Full Hard-1cQ4R2.png,1080.0,839
301 Full Hard-1cQ4R3.png,1080.0,762
301 Full Hard-1cQ4R4.png,1080.0,824
304 Annealed-2cQ2R1.png,230.0,62
304 Annealed-2cQ2R2.png,230.0,297
304 Annealed-2cQ2R3.png,230.0,120
304 Annealed-2cQ2R4.png,230.0,75
304 Annealed-2cQ4R1.png,230.0,158
304 Annealed-2cQ4R2.png,230.0,88
304 Annealed-2cQ4R3.png,230.0,437
304 Annealed-2cQ4R4.png,230.0,298
304 Quarter Hard-1cQ4R1.png,515.0,704
304 Quarter Hard-1cQ4R2.png,515.0,350
304 Quarter Hard-1cQ4R3.png,515.0,794
304 Quarter Hard-1cQ4R4.png,515.0,416
309 Annealed-1cQ3R1.png,275.0,424
309 Annealed-1cQ3R2.png,275.0,491
309 Annealed-1cQ3R3.png,275.0,498
309 Annealed-1cQ3R4.png,275.0,415
309 Annealed-1cQ4R1.png,275.0,323
309 Annealed-1cQ4R2.png,275.0,394
309 Annealed-1cQ4R3.png,275.0,285
309 Annealed-1cQ4R4.png,275.0,330
316 Annealed-1cQ3R1.png,230.0,272
316 Annealed-1cQ3R2.png,230.0,371
316 Annealed-1cQ3R3.png,230.0,251
316 Annealed-1cQ3R4.png,230.0,308
316 Annealed-1cQ4R1.png,230.0,403
316 Annealed-1cQ4R2.png,230.0,364
316 Annealed-1cQ4R3.png,230.0,530
316 Annealed-1cQ4R4.png,230.0,555
316 Annealed-2cQ3R1.png,230.0,423
316 Annealed-2cQ3R2.png,230.0,386
316 Annealed-2cQ3R3.png,230.0,479
316 Annealed-2cQ3R4.png,230.0,424
316 Annealed-3cQ3R1.png,230.0,422
316 Annealed-3cQ3R2.png,230.0,174
316 Annealed-3cQ3R3.png,230.0,267
316 Annealed-3cQ3R4.png,230.0,236
316 Annealed-4cQ3R1.png,230.0,448
316 Annealed-4cQ3R2.png,230.0,368
316 Annealed-4cQ3R3.png,230.0,516
316 Annealed-4cQ3R4.png,230.0,252
316 Annealed-5cQ2R1.png,230.0,162
316 Annealed-5cQ2R2.png,230.0,148
316 Annealed-5cQ2R3.png,230.0,315
316 Annealed-5cQ2R4.png,230.0,285
316L Annealed-1cQ1R1.png,190.0,431
316L Annealed-1cQ1R2.png,190.0,352
316L Annealed-1cQ1R3.png,190.0,373
316L Annealed-1cQ1R4.png,190.0,337
316L Annealed-3cQ1R1.png,190.0,389
316L Annealed-3cQ1R2.png,190.0,404
316L Annealed-3cQ1R3.png,190.0,519
316L Annealed-3cQ1R4.png,190.0,479
330 Annealed-1cQ3R1.png,290.0,909
330 Annealed-1cQ3R2.png,290.0,1137
330 Annealed-1cQ3R3.png,290.0,1023
330 Annealed-1cQ3R4.png,290.0,953
SAF 2205 Annealed-1cQ1R1.png,500.0,397
SAF 2205 Annealed-1cQ1R2.png,500.0,848
SAF 2205 Annealed-1cQ1R3.png,500.0,825
SAF 2205 Annealed-1cQ1R4.png,500.0,1003
409 Annealed-1cQ3R1.png,200.0,115
409 Annealed-1cQ3R2.png,200.0,105
409 Annealed-1cQ3R3.png,200.0,250
409 Annealed-1cQ3R4.png,200.0,0
410 Annealed-1cQ3R1.png,290.0,491
410 Annealed-1cQ3R2.png,290.0,708
410 Annealed-1cQ3R3.png,290.0,526
410 Annealed-1cQ3R4.png,290.0,582
410 Tempered at 453c-1cQ1R1.png,920.0,748
410 Tempered at 453c-1cQ1R2.png,920.0,1100
410 Tempered at 453c-1cQ1R3.png,920.0,903
410 Tempered at 453c-1cQ1R4.png,920.0,823
410 Tempered at 453c-1cQ2R1.png,920.0,730
410 Tempered at 453c-1cQ2R2.png,920.0,1174
410 Tempered at 453c-1cQ2R3.png,920.0,912
410 Tempered at 453c-1cQ2R4.png,920.0,1162
410 Tempered at 453c-1cQ3R1.png,920.0,942
410 Tempered at 453c-1cQ3R2.png,920.0,1416
410 Tempered at 453c-1cQ3R3.png,920.0,776
410 Tempered at 453c-1cQ3R4.png,920.0,994
431 Annealed-1cQ1R1.png,655.0,800
431 Annealed-1cQ1R2.png,655.0,712
431 Annealed-1cQ1R3.png,655.0,760
431 Annealed-1cQ1R4.png,655.0,844
431 Tempered-1cQ1R1.png,800.0,1407
431 Tempered-1cQ1R2.png,800.0,1308
431 Tempered-1cQ1R3.png,800.0,1036
431 Tempered-1cQ1R4.png,800.0,1420
431 Tempered-1cQ3R1.png,800.0,653
431 Tempered-1cQ3R2.png,800.0,1119
431 Tempered-1cQ3R3.png,800.0,959
431 Tempered-1cQ3R4.png,800.0,573
440A Tempered-1cQ1R1.png,1650.0,1223
440A Tempered-1cQ1R2.png,1650.0,1324
440A Tempered-1cQ1R3.png,1650.0,1321
440A Tempered-1cQ1R4.png,1650.0,1253
440B Tempered-1cQ1R1.png,1860.0,1120
440B Tempered-1cQ1R2.png,1860.0,895
440B Tempered-1cQ1R3.png,1860.0,1055
440B Tempered-1cQ1R4.png,1860.0,1586
440C Annealed-1cQ1R1.png,450.0,948
440C Annealed-1cQ1R2.png,450.0,828
440C Annealed-1cQ1R3.png,450.0,896
440C Annealed-1cQ1R4.png,450.0,1071
17-7 PH Annealed-1cQ1R1.png,430.0,632
17-7 PH Annealed-1cQ1R2.png,430.0,486
17-7 PH Annealed-1cQ1R3.png,430.0,309
17-7 PH Annealed-1cQ1R4.png,430.0,636
17-7 PH Annealed-1cQ3R1.png,430.0,467
17-7 PH Annealed-1cQ3R2.png,430.0,779
17-7 PH Annealed-1cQ3R3.png,430.0,455
17-7 PH Annealed-1cQ3R4.png,430.0,690
PH 13-8 Mo HTA-1cQ3R1.png,1379.0,606
PH 13-8 Mo HTA-1cQ3R2.png,1379.0,1213
PH 13-8 Mo HTA-1cQ3R3.png,1379.0,968
PH 13-8 Mo HTA-1cQ3R4.png,1379.0,757
ASTM A27 Annealed-1cQ2R1.png,205.0,416
ASTM A27 Annealed-1cQ2R2.png,205.0,279
ASTM A27 Annealed-1cQ2R3.png,205.0,220
ASTM A27 Annealed-1cQ2R4.png,205.0,333
ASTM A27 Annealed-1cQ3R1.png,205.0,215
ASTM A27 Annealed-1cQ3R2.png,205.0,221
ASTM A27 Annealed-1cQ3R3.png,205.0,323
ASTM A27 Annealed-1cQ3R4.png,205.0,206
ASTM A27 Annealed-2cQ2R1.png,205.0,320
ASTM A27 Annealed-2cQ2R2.png,205.0,198
ASTM A27 Annealed-2cQ2R3.png,205.0,139
ASTM A27 Annealed-2cQ2R4.png,205.0,216
ASTM A216 WCB Annealed-1cQ1R1.png,280.0,227
ASTM A216 WCB Annealed-1cQ1R2.png,280.0,255
ASTM A216 WCB Annealed-1cQ1R3.png,280.0,372
ASTM A216 WCB Annealed-1cQ1R4.png,280.0,86
ASTM A216 WCB Annealed-1cQ4R1.png,280.0,385
ASTM A216 WCB Annealed-1cQ4R2.png,280.0,176
ASTM A216 WCB Annealed-1cQ4R3.png,280.0,410
ASTM A216 WCB Annealed-1cQ4R4.png,280.0,414
ASTM A216 WCB Normalized-1cQ2R1.png,280.0,87
ASTM A216 WCB Normalized-1cQ2R2.png,280.0,285
ASTM A216 WCB Normalized-1cQ2R3.png,280.0,234
ASTM A216 WCB Normalized-1cQ2R4.png,280.0,279
ASTM A216 WCB Normalized-2cQ1R1.png,280.0,233
ASTM A216 WCB Normalized-2cQ1R2.png,280.0,9
ASTM A216 WCB Normalized-2cQ1R3.png,280.0,63
ASTM A216 WCB Normalized-2cQ1R4.png,280.0,39
A10 Annealed-1cQ4R1.png,470.0,414
A10 Annealed-1cQ4R2.png,470.0,501
A10 Annealed-1cQ4R3.png,470.0,495
A10 Annealed-1cQ4R4.png,470.0,607
O6 Annealed-1cQ2R1.png,410.0,331
O6 Annealed-1cQ2R2.png,410.0,303
O6 Annealed-1cQ2R3.png,410.0,329
O6 Annealed-1cQ2R4.png,410.0,242
O6 Annealed-1cQ3R1.png,410.0,334
O6 Annealed-1cQ3R2.png,410.0,355
O6 Annealed-1cQ3R3.png,410.0,266
O6 Annealed-1cQ3R4.png,410.0,283
W1 Annealed-1cQ1R1.png,330.0,202
W1 Annealed-1cQ1R2.png,330.0,265
W1 Annealed-1cQ1R3.png,330.0,317
W1 Annealed-1cQ1R4.png,330.0,255
